regNo,courseCode,q1,q2,q3,q4,a1,a2,a3,a4,midTerm,finalExam
CS-2025-001,CS101,2.0,4.6,2.8,4.8,2.2,3.4,4.8,3.4,19.2,35.6
CS-2025-001,CS102,3.3,4.4,3.8,2.4,2.7,3.8,4.5,3.0,11.9,20.3
CS-2025-001,CS103,4.9,4.3,4.3,3.3,2.6,4.3,2.0,3.5,16.0,27.2
CS-2025-001,CS104,2.4,2.3,2.8,4.9,4.6,3.1,2.6,2.0,13.1,36.1
CS-2025-001,CS105,4.2,4.0,4.8,4.4,3.4,4.5,4.7,2.8,13.0,39.1
CS-2025-001,CS201,2.3,4.4,4.0,3.7,2.1,2.6,2.2,2.5,12.8,35.9
CS-2025-001,CS202,4.9,4.3,4.3,3.7,2.8,3.4,3.1,3.2,17.6,31.3
CS-2025-001,CS203,4.3,3.2,3.7,2.4,4.0,2.9,3.1,3.0,16.0,34.9
CS-2025-001,CS204,3.4,3.7,2.3,2.5,2.2,3.5,5.0,3.4,10.3,20.6
CS-2025-001,CS205,2.2,2.3,4.2,3.0,3.9,2.9,3.6,2.7,15.4,23.2
CS-2025-001,CS301,4.5,3.0,3.4,2.3,4.6,3.2,3.3,3.8,15.6,21.7
CS-2025-001,CS302,3.6,4.7,3.5,3.8,3.0,4.3,3.1,2.5,13.7,22.7
CS-2025-001,CS303,2.7,4.9,3.4,4.0,4.1,4.7,2.0,3.5,12.8,32.9
CS-2025-001,CS304,4.4,4.5,2.4,2.5,2.1,4.5,3.1,3.2,19.0,27.6
CS-2025-001,CS305,3.5,3.4,4.8,3.8,3.5,2.9,3.6,4.6,10.3,39.5
CS-2025-001,CS401,2.3,3.0,3.4,3.4,3.5,3.6,3.8,3.5,19.8,37.7
CS-2025-001,CS402,3.7,3.2,4.8,3.0,4.4,3.2,4.5,3.0,18.5,27.7
CS-2025-001,CS403,3.3,3.9,3.2,3.2,2.1,4.9,2.4,3.8,15.6,22.6
CS-2025-001,CS404,2.8,3.5,2.3,2.0,3.2,3.2,2.7,4.2,19.1,25.3
CS-2025-001,CS405,3.0,4.1,3.2,3.3,4.8,4.6,4.9,4.4,10.5,28.1
CS-2025-001,CS501,3.7,2.4,4.5,5.0,3.8,3.1,4.6,3.8,19.6,30.1
CS-2025-001,CS502,3.1,3.9,4.6,4.5,2.3,3.9,4.7,3.4,18.4,38.3
CS-2025-001,CS503,2.7,2.5,2.3,4.8,3.4,2.2,4.4,2.2,16.4,33.2
CS-2025-001,CS504,2.5,3.9,4.5,4.6,4.8,4.6,3.5,3.9,17.1,32.0
CS-2025-001,CS505,3.7,3.3,4.8,2.7,3.9,4.3,2.3,2.2,15.4,23.7
CS-2025-001,CS601,2.9,4.6,2.3,3.6,3.4,4.2,3.8,4.8,15.0,32.7
CS-2025-001,CS602,3.6,4.1,3.5,3.7,4.4,2.3,4.1,3.4,15.3,34.7
CS-2025-001,CS603,3.3,4.6,3.0,3.8,2.2,4.9,3.4,2.8,18.9,37.0
CS-2025-001,CS604,2.1,4.7,2.6,3.6,3.8,2.8,2.2,4.9,10.2,25.1
CS-2025-001,CS605,2.8,3.2,3.0,4.6,4.2,4.7,3.1,2.2,10.6,39.7
CS-2025-001,CS701,3.4,4.4,3.2,2.8,3.4,2.2,3.9,2.8,15.9,34.5
CS-2025-001,CS702,3.6,3.1,4.2,2.2,4.1,2.7,2.6,2.5,11.5,37.7
CS-2025-001,CS703,3.2,3.0,2.2,4.4,3.9,4.5,2.1,3.1,10.3,31.0
CS-2025-001,CS704,3.6,2.1,2.9,4.4,4.1,4.1,3.2,4.4,13.4,33.8
CS-2025-001,CS705,4.6,4.3,3.6,2.1,4.4,4.0,4.5,4.7,18.1,24.9
CS-2025-001,CS801,2.8,3.9,4.2,3.3,3.7,3.2,3.7,4.8,19.2,22.9
CS-2025-001,CS802,2.0,4.1,4.2,3.2,2.9,3.4,2.7,4.5,16.5,22.8
CS-2025-001,CS803,4.0,2.2,4.0,2.5,3.9,4.9,2.9,4.2,17.0,28.0
CS-2025-001,CS804,3.8,2.4,3.3,4.3,2.3,4.9,3.3,4.0,16.9,39.9
CS-2025-001,CS805,2.7,3.0,4.6,3.4,4.4,4.2,2.1,4.8,13.4,31.5
CS-2025-002,CS101,2.7,2.6,2.7,2.2,4.3,4.4,3.2,3.1,15.9,25.2
CS-2025-002,CS102,3.1,2.4,3.7,3.7,4.9,4.3,4.1,4.3,15.1,32.3
CS-2025-002,CS103,3.0,3.1,3.1,3.4,4.4,3.5,4.7,3.3,16.3,20.6
CS-2025-002,CS104,2.7,4.3,3.8,4.9,4.1,3.8,2.7,2.1,18.2,22.1
CS-2025-002,CS105,4.5,2.5,3.5,4.4,3.7,3.5,3.6,3.7,12.1,39.7
CS-2025-002,CS201,3.2,2.5,4.8,2.2,4.5,4.8,3.3,2.5,10.8,33.3
CS-2025-002,CS202,2.9,2.7,3.4,3.2,2.5,2.9,4.5,3.5,13.3,28.3
CS-2025-002,CS203,3.9,4.6,4.0,4.8,3.8,2.4,2.9,2.9,18.5,23.9
CS-2025-002,CS204,4.3,4.8,4.4,3.6,4.7,4.6,3.1,4.5,18.3,36.6
CS-2025-002,CS205,3.6,2.1,3.4,2.9,2.2,4.9,2.3,2.8,14.9,26.9
CS-2025-002,CS301,2.9,4.3,3.0,4.3,2.5,4.6,2.6,4.5,18.5,38.3
CS-2025-002,CS302,3.5,3.8,4.0,2.0,3.3,4.9,4.8,3.2,17.6,26.7
CS-2025-002,CS303,4.6,2.2,3.0,4.3,2.9,3.2,2.2,3.4,12.6,28.2
CS-2025-002,CS304,4.1,2.9,4.7,3.4,3.6,2.4,3.9,4.3,12.8,33.5
CS-2025-002,CS305,2.5,3.2,2.6,2.2,4.5,2.1,2.8,4.8,12.3,33.6
CS-2025-002,CS401,4.6,4.1,4.3,3.8,4.4,3.1,2.4,3.1,18.1,23.5
CS-2025-002,CS402,2.2,2.1,4.0,4.7,3.3,4.4,4.4,4.5,19.6,21.1
CS-2025-002,CS403,2.6,3.1,2.5,2.7,3.7,3.4,2.6,3.6,17.6,26.5
CS-2025-002,CS404,4.7,2.3,2.7,2.1,2.1,4.9,2.6,4.4,15.8,25.0
CS-2025-002,CS405,3.9,2.5,2.5,4.0,2.4,4.3,2.8,2.8,13.3,37.8
CS-2025-002,CS501,3.6,2.2,3.1,2.1,3.7,4.7,2.7,2.6,17.0,37.6
CS-2025-002,CS502,4.8,2.8,4.5,2.9,4.9,4.0,4.7,4.6,14.9,33.3
CS-2025-002,CS503,3.0,2.6,4.5,2.2,2.4,3.9,4.0,3.0,16.6,35.3
CS-2025-002,CS504,2.6,4.3,4.9,2.7,2.8,3.6,2.4,3.3,12.1,26.1
CS-2025-002,CS505,3.7,2.3,2.0,4.7,2.2,2.6,4.6,2.7,19.0,20.5
CS-2025-002,CS601,3.6,4.4,2.9,4.3,3.4,4.6,3.0,4.7,13.8,25.9
CS-2025-002,CS602,4.5,4.3,4.8,3.9,4.7,3.8,2.9,2.8,18.8,39.5
CS-2025-002,CS603,2.5,3.0,3.7,4.3,2.2,2.9,4.0,4.2,19.3,27.9
CS-2025-002,CS604,4.6,3.1,4.1,4.5,3.2,3.8,3.2,2.5,18.9,23.1
CS-2025-002,CS605,3.8,3.6,3.9,4.5,4.2,4.9,3.2,3.3,18.2,21.8
CS-2025-002,CS701,3.1,3.9,3.8,2.3,3.8,3.9,3.8,4.5,10.5,29.3
CS-2025-002,CS702,4.9,2.4,3.4,3.7,4.2,2.7,3.2,2.5,17.9,36.3
CS-2025-002,CS703,2.3,4.5,4.7,2.0,3.2,2.7,3.7,4.2,19.8,27.3
CS-2025-002,CS704,2.7,3.5,2.5,2.3,4.0,4.8,3.5,4.4,10.6,28.6
CS-2025-002,CS705,2.7,4.6,4.7,3.3,3.0,4.1,4.6,2.7,19.0,25.6
CS-2025-002,CS801,2.2,2.1,2.4,2.3,4.9,3.0,3.2,3.8,12.2,33.2
CS-2025-002,CS802,2.6,3.7,3.9,3.7,3.5,2.7,2.6,4.6,18.0,38.6
CS-2025-002,CS803,3.4,4.2,4.4,3.2,3.6,4.1,2.3,2.6,12.4,25.9
CS-2025-002,CS804,2.6,3.7,2.1,3.8,2.1,4.4,3.1,2.8,16.3,28.2
CS-2025-002,CS805,3.1,3.5,3.3,4.7,3.6,3.4,2.3,4.9,12.8,26.8
CS-2025-003,CS101,4.8,2.8,4.2,3.1,3.9,2.8,4.7,3.6,13.7,35.0
CS-2025-003,CS102,4.9,2.6,4.8,2.8,2.2,4.8,4.7,3.2,12.8,33.3
CS-2025-003,CS103,2.5,3.4,2.6,4.3,4.5,2.2,4.5,4.1,15.6,39.2
CS-2025-003,CS104,4.0,2.7,4.1,2.7,2.3,4.2,4.0,4.6,19.1,22.7
CS-2025-003,CS105,2.5,2.2,2.7,4.7,2.5,4.1,4.7,4.6,11.8,21.7
CS-2025-003,CS201,4.2,4.5,3.6,3.9,3.7,4.2,3.5,3.2,10.1,20.5
CS-2025-003,CS202,3.3,4.7,3.9,3.6,4.3,3.7,4.0,2.5,16.3,31.7
CS-2025-003,CS203,4.6,3.2,2.4,4.9,4.6,2.8,3.5,3.0,14.0,34.5
CS-2025-003,CS204,3.8,4.4,3.2,3.4,2.6,3.8,3.8,4.1,17.9,29.5
CS-2025-003,CS205,4.0,2.2,3.6,4.1,3.4,2.3,2.4,4.7,11.1,21.1
CS-2025-003,CS301,3.0,3.6,2.0,3.1,3.0,3.7,3.9,4.9,16.9,23.6
CS-2025-003,CS302,4.4,4.5,2.1,2.2,2.3,3.7,3.7,2.9,15.9,28.4
CS-2025-003,CS303,2.3,3.8,3.1,4.7,2.1,3.3,3.8,3.2,18.2,20.6
CS-2025-003,CS304,3.5,3.4,2.0,4.9,3.7,2.4,3.5,2.3,18.9,29.7
CS-2025-003,CS305,3.1,4.0,2.5,2.5,4.8,3.8,4.5,5.0,19.7,20.8
CS-2025-003,CS401,2.5,3.1,2.4,4.9,3.9,4.6,4.0,3.9,15.3,22.4
CS-2025-003,CS402,4.3,3.7,2.4,2.8,3.6,3.5,3.8,3.1,13.3,28.3
CS-2025-003,CS403,2.5,4.2,4.3,2.6,3.1,3.2,3.6,4.8,11.1,20.2
CS-2025-003,CS404,3.7,3.7,4.5,3.3,4.6,3.0,2.3,2.3,17.7,26.3
CS-2025-003,CS405,4.9,3.2,4.3,2.3,4.5,5.0,4.7,2.5,12.9,28.3
CS-2025-003,CS501,4.8,3.4,3.8,2.0,4.1,4.2,4.7,2.9,12.3,20.9
CS-2025-003,CS502,4.7,3.6,4.9,3.6,2.1,4.4,2.6,2.2,19.2,31.7
CS-2025-003,CS503,2.3,4.2,3.8,4.8,4.3,3.4,2.9,2.9,15.7,39.7
CS-2025-003,CS504,3.0,4.5,2.9,3.6,2.4,4.3,2.9,2.0,16.2,21.4
CS-2025-003,CS505,2.5,3.6,3.2,3.9,4.9,3.3,4.0,3.5,16.6,28.2
CS-2025-003,CS601,4.2,4.9,4.4,3.9,4.1,4.7,4.3,3.9,16.2,29.9
CS-2025-003,CS602,2.3,2.2,3.5,2.5,2.8,4.8,2.5,3.8,16.2,37.6
CS-2025-003,CS603,4.1,4.2,2.3,4.6,3.0,3.9,2.1,3.4,10.1,33.1
CS-2025-003,CS604,4.1,3.6,2.2,3.7,2.9,2.5,3.9,4.0,10.5,38.5
CS-2025-003,CS605,2.3,3.0,2.6,4.6,3.7,4.1,3.6,2.2,16.3,23.8
CS-2025-003,CS701,4.5,2.5,2.6,4.5,3.8,4.6,2.7,3.6,14.7,39.2
CS-2025-003,CS702,3.4,4.0,3.5,2.5,2.2,2.3,3.8,3.4,18.9,31.4
CS-2025-003,CS703,4.3,3.1,3.8,3.3,2.0,2.7,3.2,3.8,17.5,29.9
CS-2025-003,CS704,4.4,2.9,5.0,2.7,4.4,2.3,2.2,3.0,13.8,27.7
CS-2025-003,CS705,2.3,2.7,2.5,2.3,4.3,3.6,4.5,2.0,12.8,25.1
CS-2025-003,CS801,2.0,2.6,4.3,4.8,2.0,3.0,3.7,4.7,16.4,36.7
CS-2025-003,CS802,3.7,4.3,3.5,2.2,4.0,3.8,4.0,2.0,12.1,30.9
CS-2025-003,CS803,2.6,2.3,3.0,2.1,4.7,2.2,3.2,3.7,14.2,38.9
CS-2025-003,CS804,3.8,2.3,2.0,3.0,5.0,3.3,3.1,4.9,15.4,36.3
CS-2025-003,CS805,3.9,2.8,3.4,2.5,4.2,4.2,4.6,3.4,14.4,22.9
CS-2025-004,CS101,2.2,4.0,2.4,4.2,3.5,3.1,4.4,3.1,13.2,34.9
CS-2025-004,CS102,4.0,2.6,4.7,4.0,4.2,4.8,3.0,2.6,16.3,31.1
CS-2025-004,CS103,3.2,3.2,3.1,2.1,4.6,4.2,3.4,4.0,19.1,28.2
CS-2025-004,CS104,2.3,3.8,4.7,4.4,4.3,3.4,3.5,2.5,11.1,27.8
CS-2025-004,CS105,4.5,4.8,3.4,4.8,3.8,3.3,4.3,4.5,10.6,24.4
CS-2025-004,CS201,4.0,3.9,4.7,3.2,4.9,3.1,2.3,4.5,16.6,27.3
CS-2025-004,CS202,2.3,2.4,4.9,3.7,2.2,2.3,3.2,3.7,11.5,36.6
CS-2025-004,CS203,3.4,4.2,3.8,4.7,3.2,2.8,3.6,2.4,19.0,28.4
CS-2025-004,CS204,3.2,3.1,2.5,3.4,4.5,4.6,5.0,2.7,12.5,29.1
CS-2025-004,CS205,3.1,2.5,3.9,3.8,2.1,5.0,2.8,3.7,13.2,21.5
CS-2025-004,CS301,3.3,2.7,3.2,2.7,4.1,3.5,4.8,4.7,13.7,26.5
CS-2025-004,CS302,2.7,4.6,3.5,4.9,2.0,3.0,2.4,4.1,12.9,22.1
CS-2025-004,CS303,4.2,4.5,3.6,3.3,4.5,2.7,3.4,3.7,20.0,38.0
CS-2025-004,CS304,4.9,4.2,4.1,3.0,2.3,4.5,4.5,4.0,11.9,31.7
CS-2025-004,CS305,4.6,4.8,5.0,2.2,4.2,2.5,3.1,2.3,16.6,34.1
CS-2025-004,CS401,2.2,4.1,2.8,2.9,4.7,3.3,2.1,3.4,16.6,22.1
CS-2025-004,CS402,3.2,3.2,3.0,4.5,2.7,2.9,2.2,4.9,14.2,26.1
CS-2025-004,CS403,3.5,3.4,3.8,2.5,2.5,2.6,3.5,3.0,18.8,35.1
CS-2025-004,CS404,2.6,2.5,3.5,3.1,4.3,4.6,3.4,3.0,15.7,22.6
CS-2025-004,CS405,2.7,3.8,4.2,2.3,2.3,3.2,2.2,3.6,13.2,22.9
CS-2025-004,CS501,3.5,3.3,2.0,2.7,3.8,4.0,2.3,2.1,10.5,37.6
CS-2025-004,CS502,3.3,4.4,3.9,4.5,2.0,4.6,2.9,2.0,14.5,31.0
CS-2025-004,CS503,4.8,4.8,4.7,4.2,5.0,4.6,4.7,4.3,10.8,23.9
CS-2025-004,CS504,5.0,5.0,4.5,4.2,4.7,3.2,4.6,3.0,18.4,39.7
CS-2025-004,CS505,4.3,2.2,2.0,3.6,2.4,3.8,4.7,4.7,17.2,37.9
CS-2025-004,CS601,3.0,3.2,4.6,4.2,3.0,2.3,3.2,2.7,11.8,39.1
CS-2025-004,CS602,2.9,3.6,3.5,4.1,3.0,2.9,4.8,2.1,14.5,38.2
CS-2025-004,CS603,3.6,2.4,4.6,3.9,3.7,2.6,2.2,3.9,18.5,25.0
CS-2025-004,CS604,3.6,3.8,2.7,4.2,3.4,5.0,4.6,3.8,19.9,37.8
CS-2025-004,CS605,3.1,4.4,4.5,4.7,3.4,2.6,2.9,4.1,16.1,20.2
CS-2025-004,CS701,4.5,2.5,2.1,3.7,2.9,2.9,2.6,3.7,11.4,37.8
CS-2025-004,CS702,3.2,4.7,3.8,4.8,2.1,4.3,2.6,4.7,13.0,21.7
CS-2025-004,CS703,2.0,3.4,2.6,3.1,4.1,2.7,4.1,3.7,13.4,28.0
CS-2025-004,CS704,2.3,4.5,4.9,3.0,4.5,4.4,4.5,3.4,15.3,23.2
CS-2025-004,CS705,3.7,4.9,4.9,3.7,4.8,4.6,2.7,3.1,13.0,36.1
CS-2025-004,CS801,5.0,4.2,2.2,4.7,2.3,2.7,2.1,2.2,13.3,20.9
CS-2025-004,CS802,3.3,4.0,2.5,2.6,3.9,3.3,2.6,3.1,18.7,38.3
CS-2025-004,CS803,2.5,2.8,3.7,4.8,2.7,4.5,4.9,4.1,10.7,22.1
CS-2025-004,CS804,2.8,2.5,4.4,4.8,2.3,3.1,4.9,4.0,19.3,36.0
CS-2025-004,CS805,2.3,2.9,2.6,2.6,4.4,4.2,2.7,2.6,19.4,38.5
CS-2025-005,CS101,3.3,3.5,2.8,4.7,4.3,3.4,4.3,3.2,19.5,39.9
CS-2025-005,CS102,4.7,4.3,4.4,3.1,3.2,2.7,3.8,3.3,17.8,34.3
CS-2025-005,CS103,2.1,3.6,2.4,4.9,4.9,2.8,3.1,4.1,13.2,38.9
CS-2025-005,CS104,2.4,2.3,2.7,4.9,4.9,4.1,3.1,4.4,18.7,30.4
CS-2025-005,CS105,2.4,3.9,4.2,2.9,4.1,4.8,2.6,4.7,12.7,36.9
CS-2025-005,CS201,4.5,3.6,4.2,4.3,3.2,4.8,3.3,4.7,16.3,22.6
CS-2025-005,CS202,4.0,4.9,4.3,2.5,2.9,3.2,3.2,4.7,17.0,33.1
CS-2025-005,CS203,4.4,4.5,2.2,2.9,3.6,2.1,4.0,4.1,19.2,32.6
CS-2025-005,CS204,2.2,3.4,3.0,3.9,2.2,3.9,2.2,4.3,10.3,38.0
CS-2025-005,CS205,4.9,2.6,4.7,2.6,2.8,3.3,2.3,4.1,15.1,24.5
CS-2025-005,CS301,3.0,2.9,2.7,4.3,2.0,2.9,2.6,2.0,14.7,37.5
CS-2025-005,CS302,2.2,4.5,3.9,2.9,4.0,2.5,3.8,4.7,16.7,21.1
CS-2025-005,CS303,3.1,4.9,2.6,3.3,2.1,3.0,3.7,4.6,18.8,36.5
CS-2025-005,CS304,2.1,2.9,4.8,3.4,4.4,2.0,2.1,3.2,16.1,28.8
CS-2025-005,CS305,2.1,3.5,3.4,3.8,2.4,3.0,2.4,4.7,11.3,23.7
CS-2025-005,CS401,4.6,3.3,3.9,3.0,2.8,3.3,4.2,2.3,13.2,34.6
CS-2025-005,CS402,2.4,2.2,2.2,2.8,4.0,2.0,4.5,2.1,17.2,36.3
CS-2025-005,CS403,3.2,3.2,4.5,3.4,4.7,4.4,4.0,2.8,11.5,24.9
CS-2025-005,CS404,2.7,2.8,3.0,2.4,3.7,5.0,2.3,2.0,18.8,37.3
CS-2025-005,CS405,2.4,4.6,4.3,4.0,3.9,4.8,3.2,2.4,12.5,25.5
CS-2025-005,CS501,2.7,4.1,4.8,3.5,5.0,3.0,2.0,4.2,19.6,29.8
CS-2025-005,CS502,4.7,3.9,4.6,4.1,4.5,4.4,4.8,4.5,10.1,26.3
CS-2025-005,CS503,4.9,4.2,4.7,4.6,2.8,3.6,2.1,4.8,15.6,20.5
CS-2025-005,CS504,4.6,2.1,4.3,3.8,3.2,3.5,3.2,4.6,15.5,36.8
CS-2025-005,CS505,3.4,3.7,4.2,3.3,2.5,3.9,4.3,4.7,14.9,35.8
CS-2025-005,CS601,4.6,3.1,2.8,4.7,4.2,3.3,3.7,3.8,19.5,34.3
CS-2025-005,CS602,2.3,2.6,2.1,2.3,4.1,4.9,4.7,4.7,19.1,21.2
CS-2025-005,CS603,3.8,2.3,4.0,4.7,4.5,3.6,4.8,3.1,16.9,26.9
CS-2025-005,CS604,2.2,3.5,2.8,4.1,5.0,4.1,3.0,2.7,11.5,34.5
CS-2025-005,CS605,2.8,4.8,2.7,2.6,3.5,2.2,3.8,3.7,19.1,32.1
CS-2025-005,CS701,2.1,4.3,2.2,4.0,2.8,2.4,2.7,2.6,13.0,27.9
CS-2025-005,CS702,2.4,3.7,3.6,3.8,2.4,4.6,2.2,4.2,13.9,39.8
CS-2025-005,CS703,2.2,3.3,2.6,3.0,4.3,4.4,3.7,3.4,13.3,21.5
CS-2025-005,CS704,4.6,4.6,2.7,4.3,2.4,4.0,3.7,2.3,12.1,31.7
CS-2025-005,CS705,3.5,4.7,3.8,3.3,2.9,4.1,2.6,3.5,18.8,24.3
CS-2025-005,CS801,4.4,3.0,4.9,3.2,4.6,2.2,2.5,3.5,17.4,22.9
CS-2025-005,CS802,3.3,3.5,3.8,3.0,2.4,2.3,4.0,3.6,16.5,39.1
CS-2025-005,CS803,4.1,3.9,3.5,2.6,2.6,3.6,4.8,2.2,15.2,29.1
CS-2025-005,CS804,4.8,2.8,4.5,3.8,2.4,3.2,2.3,2.7,10.4,26.2
CS-2025-005,CS805,3.0,4.0,4.4,4.7,2.0,3.4,3.4,2.7,15.4,21.2
CYS-2025-001,CYS101,4.3,2.2,3.9,4.4,2.6,2.1,3.6,4.2,12.1,25.3
CYS-2025-001,CYS102,4.9,2.6,2.5,4.8,3.3,4.8,4.4,4.2,12.8,36.5
CYS-2025-001,CYS103,3.5,3.6,4.6,3.8,4.7,4.3,3.2,3.5,17.3,38.3
CYS-2025-001,CYS104,3.9,2.9,3.9,4.2,3.4,2.1,3.3,3.2,18.5,37.3
CYS-2025-001,CYS105,4.5,4.0,3.6,4.5,3.9,4.7,2.4,3.4,13.5,39.3
CYS-2025-001,CYS201,2.7,2.6,4.2,4.7,4.8,3.7,4.7,3.7,12.2,39.3
CYS-2025-001,CYS202,2.3,2.2,4.5,3.5,4.3,3.2,4.8,4.5,12.7,29.4
CYS-2025-001,CYS203,3.3,4.4,4.5,3.7,4.4,2.2,3.4,4.3,18.8,32.6
CYS-2025-001,CYS204,4.5,2.5,4.5,4.3,3.2,4.4,2.6,3.7,10.5,34.7
CYS-2025-001,CYS205,3.8,4.4,4.2,3.6,3.8,4.6,3.2,2.5,18.2,28.8
CYS-2025-001,CYS301,2.2,3.1,3.8,4.8,2.0,2.5,2.6,3.7,10.2,36.6
CYS-2025-001,CYS302,4.0,3.6,2.8,3.7,4.6,4.3,3.7,2.1,11.9,39.3
CYS-2025-001,CYS303,3.2,3.0,4.3,4.8,3.0,4.0,3.7,2.9,14.6,24.7
CYS-2025-001,CYS304,4.8,2.4,3.2,2.1,4.9,2.9,2.3,4.6,10.4,30.7
CYS-2025-001,CYS305,2.2,3.0,2.1,3.3,4.3,4.8,2.9,2.8,18.0,25.6
CYS-2025-001,CYS401,3.6,4.9,4.9,4.7,3.7,4.4,3.4,3.0,10.7,21.1
CYS-2025-001,CYS402,4.4,4.8,4.8,2.1,2.4,3.7,2.2,3.5,18.7,33.6
CYS-2025-001,CYS403,2.6,4.6,4.2,4.3,4.0,4.9,2.8,2.4,12.9,32.6
CYS-2025-001,CYS404,2.2,3.8,2.6,4.7,2.0,4.6,2.2,2.4,15.7,25.7
CYS-2025-001,CYS405,3.2,3.1,2.2,2.3,4.5,2.3,3.6,3.1,16.3,27.1
CYS-2025-001,CYS501,3.2,2.2,2.1,2.6,2.5,2.0,3.9,3.4,10.5,20.6
CYS-2025-001,CYS502,5.0,5.0,3.1,2.8,4.5,3.5,3.3,4.0,12.0,21.9
CYS-2025-001,CYS503,3.4,4.3,2.5,2.4,2.8,3.5,4.1,3.5,19.6,23.7
CYS-2025-001,CYS504,4.1,4.8,4.3,4.4,3.5,4.6,3.5,4.6,10.6,27.9
CYS-2025-001,CYS505,3.7,3.7,2.1,3.6,4.8,2.4,2.3,3.9,12.0,25.4
CYS-2025-001,CYS601,4.8,3.3,4.5,3.2,3.0,4.3,4.5,4.2,16.6,29.0
CYS-2025-001,CYS602,3.5,4.3,2.0,4.3,4.8,2.5,5.0,4.6,19.2,32.3
CYS-2025-001,CYS603,4.6,4.4,4.9,2.2,3.0,3.9,4.5,3.6,18.7,21.5
CYS-2025-001,CYS604,4.8,3.6,3.0,2.8,4.9,4.1,4.0,4.2,13.5,31.9
CYS-2025-001,CYS605,3.0,4.8,3.7,4.0,4.0,2.6,3.7,3.5,14.3,35.6
CYS-2025-001,CYS701,2.5,4.3,3.7,2.8,3.4,2.3,2.9,3.5,12.6,28.5
CYS-2025-001,CYS702,2.7,2.9,3.5,4.7,2.5,2.2,3.6,5.0,10.5,36.2
CYS-2025-001,CYS703,2.3,2.7,4.3,3.1,3.1,4.8,5.0,4.0,19.6,38.2
CYS-2025-001,CYS704,3.6,3.0,4.3,3.2,2.2,2.1,4.4,2.4,11.2,39.1
CYS-2025-001,CYS705,4.6,4.3,3.9,3.2,3.3,2.6,3.4,3.3,11.0,39.2
CYS-2025-001,CYS801,4.4,4.9,4.3,3.9,2.7,4.0,3.7,2.8,17.4,25.9
CYS-2025-001,CYS802,3.8,3.8,2.7,3.3,4.0,4.2,3.3,2.6,10.0,38.6
CYS-2025-001,CYS803,3.7,2.6,2.6,4.6,2.7,3.2,2.8,4.6,16.7,29.2
CYS-2025-001,CYS804,2.4,4.8,2.2,2.0,4.3,4.0,3.8,2.9,19.7,33.4
CYS-2025-001,CYS805,2.5,2.2,3.6,4.7,2.9,4.5,3.0,4.3,10.5,35.6
CYS-2025-002,CYS101,2.2,4.5,4.2,2.7,4.9,4.3,4.5,2.1,15.0,31.4
CYS-2025-002,CYS102,3.8,4.1,3.8,5.0,4.2,3.9,3.5,3.3,15.5,26.2
CYS-2025-002,CYS103,3.0,5.0,4.8,3.7,2.5,4.3,4.1,4.9,13.5,22.4
CYS-2025-002,CYS104,2.1,3.4,4.4,3.4,2.7,3.4,3.6,4.6,10.0,22.2
CYS-2025-002,CYS105,4.1,2.4,3.5,2.6,2.5,4.5,2.2,4.3,10.9,24.5
CYS-2025-002,CYS201,4.5,4.7,3.7,3.1,4.6,2.4,2.0,2.6,13.0,33.8
CYS-2025-002,CYS202,4.8,4.8,4.2,2.9,4.0,3.5,3.1,3.4,18.0,21.0
CYS-2025-002,CYS203,3.1,3.5,4.5,4.3,3.9,2.1,2.7,2.1,19.4,25.8
CYS-2025-002,CYS204,4.1,3.1,4.1,3.6,4.9,4.1,2.8,2.6,14.6,29.5
CYS-2025-002,CYS205,2.8,4.3,4.8,3.3,2.4,4.6,2.8,4.8,14.2,21.7
CYS-2025-002,CYS301,3.9,2.1,3.4,4.2,5.0,2.7,3.3,4.4,17.4,31.0
CYS-2025-002,CYS302,2.9,2.4,3.9,3.5,2.6,4.6,3.8,3.4,18.7,38.6
CYS-2025-002,CYS303,3.4,2.8,3.4,3.8,4.1,2.4,4.7,2.5,15.9,28.3
CYS-2025-002,CYS304,3.4,2.8,4.6,4.2,4.9,4.6,3.0,3.4,16.2,36.5
CYS-2025-002,CYS305,4.9,3.8,3.9,2.4,4.3,3.0,2.1,3.8,17.5,36.0
CYS-2025-002,CYS401,2.2,3.7,2.6,3.3,2.9,4.1,4.0,4.4,19.2,25.1
CYS-2025-002,CYS402,2.5,4.0,4.2,4.4,4.3,2.6,4.8,3.6,18.4,21.9
CYS-2025-002,CYS403,3.0,3.8,2.5,4.7,4.5,3.9,3.7,2.5,19.4,21.8
CYS-2025-002,CYS404,4.8,4.4,3.4,2.3,2.9,3.4,3.8,2.7,11.0,20.5
CYS-2025-002,CYS405,3.4,3.8,2.3,3.5,4.7,4.8,2.3,4.9,17.5,36.6
CYS-2025-002,CYS501,4.9,4.2,2.5,4.6,3.0,4.5,2.8,3.3,18.2,30.6
CYS-2025-002,CYS502,4.5,4.4,3.9,3.2,3.4,2.2,4.7,2.9,18.8,39.9
CYS-2025-002,CYS503,4.6,3.3,3.9,2.9,3.8,4.4,3.5,3.0,14.9,33.2
CYS-2025-002,CYS504,3.6,2.3,3.5,3.9,4.2,4.6,2.3,3.4,10.2,33.1
CYS-2025-002,CYS505,3.3,4.0,4.7,3.9,2.2,3.2,3.1,3.0,16.4,27.7
CYS-2025-002,CYS601,3.6,2.6,4.7,3.3,3.9,2.9,4.8,2.2,17.1,32.8
CYS-2025-002,CYS602,3.2,4.2,3.1,2.1,4.4,2.9,3.1,3.4,16.5,38.0
CYS-2025-002,CYS603,2.2,4.6,4.1,3.8,4.6,2.1,2.7,4.2,17.6,34.3
CYS-2025-002,CYS604,4.8,3.2,2.7,4.0,4.4,3.7,3.0,4.3,12.5,27.6
CYS-2025-002,CYS605,3.7,4.8,4.4,4.1,4.6,3.0,4.1,3.8,14.6,24.2
CYS-2025-002,CYS701,4.4,4.2,3.0,4.4,4.5,3.6,4.1,4.9,10.2,20.6
CYS-2025-002,CYS702,2.9,3.8,4.7,4.9,3.1,4.8,4.6,3.3,13.4,21.8
CYS-2025-002,CYS703,2.9,2.8,3.1,2.6,4.0,2.2,2.7,2.0,15.4,25.4
CYS-2025-002,CYS704,2.1,2.5,3.9,4.0,3.7,4.2,3.1,3.6,11.9,38.6
CYS-2025-002,CYS705,4.8,4.3,4.5,3.3,4.5,3.7,4.5,2.8,10.4,22.3
CYS-2025-002,CYS801,3.6,4.8,4.4,2.2,2.8,4.6,2.3,2.4,15.8,31.0
CYS-2025-002,CYS802,2.1,2.9,4.0,4.7,2.3,2.1,3.9,4.8,16.8,25.2
CYS-2025-002,CYS803,4.7,2.2,2.9,3.6,3.8,4.6,4.3,2.6,12.3,35.3
CYS-2025-002,CYS804,3.5,2.1,4.7,3.3,2.8,3.1,2.8,3.6,13.6,25.6
CYS-2025-002,CYS805,2.3,2.4,3.5,4.3,2.6,4.7,4.5,2.4,12.2,27.5
CYS-2025-003,CYS101,2.5,3.9,2.5,4.2,3.3,4.7,4.0,2.3,12.5,34.1
CYS-2025-003,CYS102,2.4,4.6,4.1,2.4,2.9,2.7,4.3,3.0,14.0,38.9
CYS-2025-003,CYS103,2.7,4.5,2.9,3.0,5.0,2.9,3.3,2.6,14.4,22.1
CYS-2025-003,CYS104,4.6,4.0,2.0,2.5,3.7,3.6,3.7,2.6,19.1,20.1
CYS-2025-003,CYS105,2.5,4.7,4.1,4.9,3.8,4.9,2.6,4.1,16.6,25.1
CYS-2025-003,CYS201,3.2,4.9,4.7,3.1,4.7,4.8,4.5,2.5,14.1,24.9
CYS-2025-003,CYS202,4.9,2.5,3.8,3.4,2.4,3.6,2.3,4.8,19.3,23.0
CYS-2025-003,CYS203,4.5,4.2,4.0,3.1,4.1,4.7,3.3,2.0,11.7,23.3
CYS-2025-003,CYS204,3.8,4.8,4.7,3.5,4.9,4.8,3.7,2.1,16.9,24.6
CYS-2025-003,CYS205,3.0,4.1,4.5,4.6,2.8,4.6,5.0,3.1,18.4,24.0
CYS-2025-003,CYS301,4.1,3.5,2.4,2.4,3.8,2.9,4.1,4.0,17.7,23.1
CYS-2025-003,CYS302,4.9,3.0,3.9,2.7,3.2,4.9,3.2,2.5,12.4,28.0
CYS-2025-003,CYS303,4.3,3.9,4.5,3.5,4.3,2.9,2.4,4.5,19.4,32.6
CYS-2025-003,CYS304,2.9,3.4,4.1,4.8,2.4,3.3,2.2,3.7,10.2,35.1
CYS-2025-003,CYS305,3.2,4.0,4.1,2.7,4.6,2.2,2.0,4.1,17.5,38.6
CYS-2025-003,CYS401,3.8,4.3,3.9,3.4,3.0,3.4,4.4,4.8,17.9,30.6
CYS-2025-003,CYS402,2.9,4.5,3.5,2.7,3.1,3.3,3.4,5.0,16.5,24.5
CYS-2025-003,CYS403,3.3,4.6,2.4,2.4,3.4,3.0,4.5,4.0,16.9,26.6
CYS-2025-003,CYS404,3.2,4.4,2.6,2.2,2.6,4.3,3.6,2.8,14.2,23.2
CYS-2025-003,CYS405,5.0,3.3,2.3,4.8,3.7,3.3,3.1,4.5,12.8,23.2
CYS-2025-003,CYS501,4.4,3.5,3.4,4.4,3.7,3.3,2.0,2.8,14.7,30.6
CYS-2025-003,CYS502,3.4,3.3,4.3,4.0,2.8,4.5,4.9,4.1,19.9,25.0
CYS-2025-003,CYS503,3.7,4.3,2.8,2.2,2.8,4.1,3.5,3.3,17.4,34.8
CYS-2025-003,CYS504,3.3,4.4,3.6,3.7,4.6,3.2,2.4,2.1,13.5,31.2
CYS-2025-003,CYS505,2.3,2.8,4.9,4.0,4.8,2.1,2.6,4.0,12.1,27.3
CYS-2025-003,CYS601,4.6,2.3,2.8,4.2,3.6,2.1,3.4,2.8,12.6,23.4
CYS-2025-003,CYS602,2.1,4.8,2.1,3.9,2.3,2.4,2.6,3.8,12.2,39.8
CYS-2025-003,CYS603,2.3,4.2,4.2,2.3,4.5,3.2,5.0,2.1,15.3,22.5
CYS-2025-003,CYS604,3.8,3.6,2.5,3.6,3.8,2.0,2.8,4.6,11.2,21.6
CYS-2025-003,CYS605,4.6,4.1,3.9,2.9,3.6,3.7,2.0,2.5,16.7,34.9
CYS-2025-003,CYS701,4.8,4.6,2.1,3.3,4.5,3.9,2.9,2.8,16.4,39.3
CYS-2025-003,CYS702,4.9,2.3,2.6,3.9,2.8,4.3,4.2,3.9,20.0,31.8
CYS-2025-003,CYS703,2.5,4.6,2.7,3.0,3.4,2.4,3.4,4.3,17.3,30.7
CYS-2025-003,CYS704,4.6,3.7,3.7,3.7,3.4,2.4,4.5,4.3,12.1,20.6
CYS-2025-003,CYS705,2.3,3.9,2.0,3.3,2.4,2.4,3.1,3.4,16.5,36.7
CYS-2025-003,CYS801,3.3,2.2,4.1,3.2,4.2,2.7,4.0,3.9,17.6,26.8
CYS-2025-003,CYS802,3.0,2.5,3.7,4.1,3.0,2.6,4.0,3.1,13.3,25.2
CYS-2025-003,CYS803,2.2,4.0,4.1,3.9,4.8,3.0,2.3,3.1,20.0,29.2
CYS-2025-003,CYS804,3.3,3.4,4.1,2.5,3.4,3.3,2.1,4.4,18.6,38.8
CYS-2025-003,CYS805,3.5,4.6,5.0,2.4,2.6,4.2,2.2,2.6,16.2,33.7
CYS-2025-004,CYS101,2.2,2.4,4.1,4.5,4.4,2.2,4.4,3.6,15.4,22.5
CYS-2025-004,CYS102,5.0,3.9,3.7,3.5,4.2,4.0,2.9,3.2,11.3,25.7
CYS-2025-004,CYS103,4.2,2.6,2.1,3.8,3.2,4.2,4.6,3.8,18.6,25.0
CYS-2025-004,CYS104,2.2,2.9,4.6,2.7,2.6,5.0,3.3,4.3,10.5,32.9
CYS-2025-004,CYS105,3.2,3.8,3.8,3.0,2.5,4.9,3.3,3.5,15.5,36.7
CYS-2025-004,CYS201,4.0,4.5,3.9,4.6,2.8,2.7,4.0,3.2,17.1,21.3
CYS-2025-004,CYS202,2.8,4.0,4.0,4.9,3.2,4.1,2.6,4.7,16.2,38.2
CYS-2025-004,CYS203,4.3,3.9,3.4,4.2,3.1,2.2,2.5,4.0,10.3,27.8
CYS-2025-004,CYS204,3.4,4.9,2.0,4.3,4.8,2.4,5.0,4.3,14.2,23.6
CYS-2025-004,CYS205,3.4,4.8,2.9,3.7,2.7,4.6,4.0,2.5,15.6,34.0
CYS-2025-004,CYS301,2.7,2.3,5.0,2.9,4.3,3.9,2.4,4.6,10.0,33.3
CYS-2025-004,CYS302,4.3,4.0,3.3,2.4,4.4,4.3,2.8,3.0,14.4,22.1
CYS-2025-004,CYS303,4.9,3.1,3.9,4.4,2.4,3.9,4.5,3.0,10.7,36.9
CYS-2025-004,CYS304,4.2,3.8,4.3,4.5,3.6,4.9,4.9,3.2,17.5,28.3
CYS-2025-004,CYS305,4.9,4.2,2.3,3.7,4.7,4.7,4.4,2.8,11.5,35.6
CYS-2025-004,CYS401,2.3,3.8,3.8,4.6,4.7,2.0,3.8,3.7,12.2,29.9
CYS-2025-004,CYS402,3.1,4.3,2.1,2.7,4.1,5.0,3.2,3.4,18.7,29.0
CYS-2025-004,CYS403,2.7,3.7,2.2,3.0,5.0,2.0,2.8,3.7,13.5,25.3
CYS-2025-004,CYS404,3.5,2.4,4.3,2.4,2.9,2.6,3.2,4.6,15.0,31.2
CYS-2025-004,CYS405,2.0,4.6,2.5,4.8,2.1,3.4,3.9,3.3,17.9,35.3
CYS-2025-004,CYS501,4.7,2.6,4.1,5.0,4.3,4.8,3.9,4.6,15.5,36.5
CYS-2025-004,CYS502,2.7,4.6,3.2,4.3,3.8,2.8,2.9,2.3,16.8,36.5
CYS-2025-004,CYS503,4.0,4.5,4.5,3.6,2.6,3.5,4.1,2.2,16.8,37.7
CYS-2025-004,CYS504,3.4,2.5,2.4,3.4,5.0,4.7,4.3,3.4,15.4,37.6
CYS-2025-004,CYS505,4.8,3.8,2.1,3.3,4.5,2.4,3.1,2.1,16.4,21.4
CYS-2025-004,CYS601,3.3,2.8,4.7,4.3,2.1,3.8,2.7,3.4,15.8,25.5
CYS-2025-004,CYS602,2.4,2.9,3.3,3.3,4.7,2.6,3.0,3.7,19.9,33.6
CYS-2025-004,CYS603,3.3,3.4,2.5,3.1,3.1,2.9,2.0,3.8,18.7,25.9
CYS-2025-004,CYS604,5.0,4.0,4.6,2.9,4.9,2.1,4.0,4.2,12.5,20.4
CYS-2025-004,CYS605,4.6,2.1,2.3,3.0,4.3,4.9,3.5,3.9,16.5,20.7
CYS-2025-004,CYS701,4.5,2.2,3.4,3.1,4.8,2.1,4.4,3.1,11.6,36.9
CYS-2025-004,CYS702,4.5,2.3,4.2,4.2,3.6,4.9,2.6,2.9,12.8,28.8
CYS-2025-004,CYS703,3.4,2.1,3.9,4.3,3.8,4.7,4.7,4.5,16.0,37.5
CYS-2025-004,CYS704,2.7,3.3,3.9,3.6,5.0,4.7,4.6,4.7,13.6,26.0
CYS-2025-004,CYS705,2.1,3.7,3.6,3.3,2.8,2.9,4.1,2.0,11.5,34.2
CYS-2025-004,CYS801,4.7,4.4,3.0,3.5,4.5,3.6,4.8,4.9,19.6,34.7
CYS-2025-004,CYS802,3.4,4.7,3.5,4.3,2.8,3.4,4.4,2.2,19.4,23.6
CYS-2025-004,CYS803,2.7,2.9,4.4,2.5,3.4,2.7,2.1,3.6,13.6,25.8
CYS-2025-004,CYS804,3.4,2.1,2.3,2.4,2.0,2.8,2.7,5.0,14.8,37.0
CYS-2025-004,CYS805,2.2,2.6,4.4,3.3,4.2,4.2,2.9,4.8,19.7,25.5
CYS-2025-005,CYS101,3.4,4.2,4.3,3.4,3.1,4.1,4.1,3.7,16.5,23.2
CYS-2025-005,CYS102,3.1,2.7,2.5,2.2,2.6,4.3,4.4,4.2,12.1,26.2
CYS-2025-005,CYS103,4.0,3.0,4.1,3.1,2.5,2.4,2.4,4.3,17.4,37.8
CYS-2025-005,CYS104,3.0,3.4,2.6,2.6,2.2,3.3,4.7,4.8,13.2,25.9
CYS-2025-005,CYS105,2.6,3.2,4.0,3.7,3.1,2.3,3.9,2.8,10.5,20.3
CYS-2025-005,CYS201,3.4,4.8,4.1,3.5,2.6,3.9,2.8,2.4,17.5,25.2
CYS-2025-005,CYS202,3.5,4.6,2.8,2.8,4.1,2.8,3.0,3.6,10.0,22.3
CYS-2025-005,CYS203,3.4,3.0,4.1,4.9,4.3,4.6,4.2,4.1,13.4,34.5
CYS-2025-005,CYS204,2.5,3.5,3.1,3.1,4.8,2.0,2.5,3.0,15.9,35.9
CYS-2025-005,CYS205,2.8,3.7,4.0,3.9,4.5,2.5,4.6,4.8,19.4,35.3
CYS-2025-005,CYS301,3.0,4.7,4.7,4.4,3.8,3.1,3.6,3.4,10.6,28.8
CYS-2025-005,CYS302,3.7,3.8,4.8,3.5,2.1,3.0,2.4,2.3,19.9,21.1
CYS-2025-005,CYS303,2.3,3.6,4.1,2.1,3.0,4.0,4.9,2.0,19.9,36.8
CYS-2025-005,CYS304,3.7,2.0,2.1,4.3,2.4,3.1,4.0,2.8,14.2,39.7
CYS-2025-005,CYS305,5.0,4.3,4.9,2.8,4.2,4.3,4.1,4.2,14.8,26.0
CYS-2025-005,CYS401,5.0,4.5,2.4,3.8,4.5,4.8,2.5,4.4,12.1,22.5
CYS-2025-005,CYS402,2.5,3.7,3.1,2.4,3.8,4.8,4.4,3.6,19.8,25.1
CYS-2025-005,CYS403,2.7,3.2,2.6,5.0,2.5,2.3,4.0,3.9,14.0,36.3
CYS-2025-005,CYS404,3.5,2.7,4.9,4.9,3.4,3.1,2.7,2.5,12.3,29.4
CYS-2025-005,CYS405,4.5,4.1,3.4,3.4,2.8,3.0,3.3,5.0,10.1,34.0
CYS-2025-005,CYS501,4.1,3.8,2.5,3.5,4.9,3.3,2.7,4.4,11.5,38.0
CYS-2025-005,CYS502,3.0,3.5,3.1,4.9,2.8,4.6,3.4,3.6,15.9,34.7
CYS-2025-005,CYS503,4.4,3.3,2.1,3.4,4.0,2.5,2.5,3.1,14.5,39.8
CYS-2025-005,CYS504,4.1,4.8,3.6,2.9,4.7,3.5,3.6,3.8,16.9,39.3
CYS-2025-005,CYS505,2.9,4.2,4.9,2.9,4.8,3.4,4.8,2.7,18.3,22.7
CYS-2025-005,CYS601,3.0,4.7,2.0,4.8,2.0,4.7,4.6,4.9,16.7,25.3
CYS-2025-005,CYS602,3.5,2.4,2.2,5.0,4.7,4.1,2.9,2.2,14.6,35.5
CYS-2025-005,CYS603,2.2,3.1,2.8,3.0,4.7,4.8,2.3,4.4,10.5,37.5
CYS-2025-005,CYS604,3.3,3.2,3.7,4.5,3.6,2.3,4.5,3.7,13.7,21.1
CYS-2025-005,CYS605,4.0,4.8,2.8,4.7,2.9,2.4,4.8,4.4,17.5,33.0
CYS-2025-005,CYS701,5.0,3.5,2.8,3.6,2.4,3.0,2.8,3.7,16.5,25.6
CYS-2025-005,CYS702,4.0,2.6,4.5,2.3,3.5,4.6,3.0,4.4,10.4,34.3
CYS-2025-005,CYS703,4.5,3.9,4.4,4.9,4.9,3.0,4.0,2.8,17.2,39.5
CYS-2025-005,CYS704,4.5,4.5,2.4,3.1,2.3,4.2,3.0,3.7,16.8,39.7
CYS-2025-005,CYS705,4.8,4.6,3.4,4.2,2.2,2.4,2.5,4.4,10.1,27.7
CYS-2025-005,CYS801,2.7,3.2,3.9,4.1,2.1,2.0,3.5,4.4,10.5,27.7
CYS-2025-005,CYS802,2.7,2.5,3.1,4.1,3.6,2.4,3.7,2.2,10.6,21.6
CYS-2025-005,CYS803,2.3,3.4,3.1,3.0,3.3,2.5,2.5,2.3,13.5,38.8
CYS-2025-005,CYS804,3.5,2.7,2.5,2.0,2.3,4.0,3.6,2.6,18.3,23.5
CYS-2025-005,CYS805,4.7,3.6,3.9,4.1,2.7,4.0,4.0,2.6,19.5,35.5
ROB-2025-001,ROB101,4.6,2.9,2.4,4.0,2.2,2.7,3.4,4.9,11.5,20.1
ROB-2025-001,ROB102,4.3,3.6,4.0,4.4,3.7,3.9,4.6,3.7,17.3,39.2
ROB-2025-001,ROB103,2.4,2.4,4.4,4.7,4.7,3.8,4.6,3.8,18.6,32.1
ROB-2025-001,ROB104,4.1,4.0,4.2,2.8,4.3,2.8,2.4,4.3,12.4,23.6
ROB-2025-001,ROB105,3.5,3.9,2.5,2.7,2.9,4.7,4.5,4.2,15.0,22.4
ROB-2025-001,ROB201,2.0,3.1,4.5,2.6,2.5,2.7,4.5,3.0,16.9,26.8
ROB-2025-001,ROB202,4.9,4.5,2.2,2.0,3.9,4.8,2.4,4.9,16.5,23.0
ROB-2025-001,ROB203,2.3,4.3,3.0,3.3,4.3,2.4,3.3,2.3,20.0,24.9
ROB-2025-001,ROB204,2.2,3.5,2.8,3.1,3.6,4.0,2.5,4.2,13.6,36.2
ROB-2025-001,ROB205,3.8,2.9,2.3,4.3,3.3,2.3,3.6,2.3,14.2,25.7
ROB-2025-001,ROB301,3.3,2.8,3.9,4.6,4.4,2.8,2.6,2.4,16.9,22.1
ROB-2025-001,ROB302,4.4,3.9,4.7,3.2,2.3,3.2,2.7,2.0,16.0,22.7
ROB-2025-001,ROB303,4.4,2.6,4.9,4.6,3.4,3.8,2.1,3.6,18.2,31.8
ROB-2025-001,ROB304,2.8,2.8,3.0,2.5,2.4,2.1,2.9,3.3,17.1,31.4
ROB-2025-001,ROB305,4.1,2.8,5.0,3.0,4.3,2.8,2.5,4.9,19.8,27.2
ROB-2025-001,ROB401,2.8,3.5,4.2,2.5,4.1,3.8,2.1,4.6,10.3,37.0
ROB-2025-001,ROB402,2.3,4.9,3.9,4.2,4.0,4.0,3.3,4.0,19.6,31.0
ROB-2025-001,ROB403,2.8,2.6,3.2,3.3,2.3,3.5,2.0,3.2,13.9,22.6
ROB-2025-001,ROB404,4.8,4.3,4.8,4.9,4.0,3.1,3.2,3.7,17.8,31.1
ROB-2025-001,ROB405,3.6,4.5,2.6,4.4,4.8,4.3,2.4,3.3,15.7,39.3
ROB-2025-001,ROB501,2.1,2.1,3.0,4.1,2.2,3.8,2.3,4.3,19.7,30.8
ROB-2025-001,ROB502,4.5,2.1,4.5,2.7,2.6,4.9,2.1,3.2,16.6,33.2
ROB-2025-001,ROB503,3.2,4.1,4.5,2.6,3.9,3.7,2.3,2.1,17.5,27.4
ROB-2025-001,ROB504,3.1,4.6,4.8,4.7,3.8,2.7,4.5,2.9,15.4,31.3
ROB-2025-001,ROB505,4.4,2.7,3.3,2.5,4.2,3.5,3.4,4.6,13.6,22.0
ROB-2025-001,ROB601,3.3,4.2,4.9,4.3,3.0,2.1,4.2,3.7,12.7,31.9
ROB-2025-001,ROB602,3.7,4.8,3.1,3.5,3.8,4.0,3.6,2.1,17.7,37.2
ROB-2025-001,ROB603,4.9,3.6,4.6,2.8,3.5,4.7,2.6,4.2,16.7,20.1
ROB-2025-001,ROB604,3.9,2.2,3.1,3.4,3.6,3.6,3.8,2.5,16.7,23.0
ROB-2025-001,ROB605,2.9,4.4,2.3,2.3,4.3,3.8,4.9,2.6,13.2,21.9
ROB-2025-001,ROB701,4.8,2.9,3.9,4.4,2.6,3.4,3.7,3.5,19.1,24.9
ROB-2025-001,ROB702,3.2,3.9,2.3,2.5,3.4,3.5,4.8,2.1,11.4,34.4
ROB-2025-001,ROB703,3.7,3.2,4.4,4.6,3.7,3.6,2.3,3.8,15.9,23.2
ROB-2025-001,ROB704,3.4,4.7,3.7,2.5,2.1,2.5,5.0,2.9,16.7,24.1
ROB-2025-001,ROB705,3.5,4.7,3.1,3.7,4.0,2.5,3.6,3.7,17.4,32.2
ROB-2025-001,ROB801,3.5,4.7,3.2,2.5,3.0,3.2,4.0,4.9,10.5,23.9
ROB-2025-001,ROB802,4.4,3.4,3.1,4.4,4.2,3.2,4.7,3.4,10.2,37.3
ROB-2025-001,ROB803,3.5,2.5,2.7,2.8,2.4,4.7,3.9,3.9,18.0,21.6
ROB-2025-001,ROB804,4.3,3.1,2.4,3.7,4.3,4.5,2.6,4.4,17.4,38.2
ROB-2025-001,ROB805,5.0,2.2,2.8,3.3,3.8,2.0,3.5,4.5,17.0,25.9
ROB-2025-002,ROB101,4.3,4.9,2.0,3.9,4.9,4.3,3.3,4.5,17.4,20.4
ROB-2025-002,ROB102,3.3,4.9,4.9,4.7,4.2,3.7,2.6,4.7,10.8,27.7
ROB-2025-002,ROB103,4.4,2.0,3.2,4.8,3.5,4.7,4.8,3.0,14.5,21.7
ROB-2025-002,ROB104,2.4,2.7,3.1,3.0,4.0,4.8,4.7,3.4,17.9,26.0
ROB-2025-002,ROB105,4.1,2.8,2.1,4.9,4.3,2.5,4.8,3.0,16.2,20.3
ROB-2025-002,ROB201,4.3,4.6,3.5,3.2,2.7,2.6,2.6,2.3,14.2,31.3
ROB-2025-002,ROB202,2.4,4.4,2.2,4.3,4.2,4.6,4.8,3.9,12.5,23.3
ROB-2025-002,ROB203,3.5,4.7,4.7,4.8,4.2,3.9,2.4,2.3,19.5,21.9
ROB-2025-002,ROB204,4.6,2.3,4.9,3.0,4.6,2.3,3.0,2.9,15.0,32.8
ROB-2025-002,ROB205,3.8,3.0,2.3,4.0,2.1,4.5,2.7,3.4,10.7,20.3
ROB-2025-002,ROB301,4.0,4.7,2.0,2.8,4.2,4.9,2.5,2.7,12.6,33.4
ROB-2025-002,ROB302,3.4,3.5,4.3,2.7,4.3,2.1,2.9,2.5,13.9,33.0
ROB-2025-002,ROB303,2.5,2.8,3.9,3.4,2.4,2.5,2.9,4.8,19.0,24.9
ROB-2025-002,ROB304,3.7,3.0,3.4,4.6,4.6,3.3,3.9,3.4,16.3,24.1
ROB-2025-002,ROB305,2.3,3.4,3.3,2.6,4.4,3.6,4.6,4.0,16.9,25.8
ROB-2025-002,ROB401,3.9,2.5,4.4,3.7,2.9,4.7,4.9,4.6,11.4,39.2
ROB-2025-002,ROB402,4.8,2.8,2.1,4.2,2.6,2.5,3.1,3.0,18.6,32.8
ROB-2025-002,ROB403,2.7,3.8,4.1,3.1,3.5,2.1,3.2,2.5,13.3,36.6
ROB-2025-002,ROB404,2.1,4.7,3.9,4.2,4.9,4.2,2.3,3.6,16.8,39.2
ROB-2025-002,ROB405,4.4,4.1,2.5,3.3,4.2,2.6,3.8,4.0,13.6,30.6
ROB-2025-002,ROB501,4.9,4.2,2.5,4.3,2.9,4.2,2.2,3.4,16.0,27.6
ROB-2025-002,ROB502,2.3,2.2,3.5,3.4,4.7,2.7,2.3,4.2,17.0,36.2
ROB-2025-002,ROB503,3.2,2.9,3.8,2.1,4.6,3.5,2.1,2.4,13.7,26.2
ROB-2025-002,ROB504,2.5,2.1,3.7,3.9,2.6,4.4,3.8,4.8,13.5,20.5
ROB-2025-002,ROB505,3.7,2.5,3.2,4.7,4.0,4.0,4.0,3.1,15.9,36.5
ROB-2025-002,ROB601,5.0,3.2,4.9,4.2,3.2,2.4,2.7,3.2,10.3,39.2
ROB-2025-002,ROB602,2.4,2.3,3.2,3.9,3.9,4.4,3.0,4.3,17.5,24.5
ROB-2025-002,ROB603,4.7,3.4,3.8,2.0,4.6,4.3,4.9,2.6,16.6,22.1
ROB-2025-002,ROB604,3.6,4.6,4.3,5.0,4.9,4.0,2.7,2.8,13.3,31.2
ROB-2025-002,ROB605,2.2,2.1,4.7,4.8,4.6,3.1,3.0,4.1,14.5,22.2
ROB-2025-002,ROB701,4.9,3.0,3.4,2.3,2.4,4.4,4.7,4.8,14.8,30.1
ROB-2025-002,ROB702,4.3,3.0,4.3,4.1,4.0,4.4,4.3,3.0,16.8,32.2
ROB-2025-002,ROB703,4.2,4.2,4.9,3.4,2.9,4.8,2.5,2.2,15.6,33.2
ROB-2025-002,ROB704,4.8,3.5,2.1,2.1,2.3,2.9,3.7,2.1,15.4,34.2
ROB-2025-002,ROB705,3.9,2.8,3.7,4.9,2.2,4.8,3.6,2.7,13.2,26.9
ROB-2025-002,ROB801,2.1,2.8,3.3,2.1,3.1,2.7,3.7,3.7,10.8,38.6
ROB-2025-002,ROB802,2.8,2.1,3.3,2.9,4.2,2.2,2.5,2.3,18.5,33.0
ROB-2025-002,ROB803,3.3,3.7,4.0,2.5,3.6,4.4,3.1,4.0,19.9,25.7
ROB-2025-002,ROB804,2.8,3.5,3.3,4.1,3.4,4.7,3.2,4.7,15.9,21.4
ROB-2025-002,ROB805,4.0,4.2,3.1,4.9,3.0,4.0,4.0,2.1,16.7,27.0
ROB-2025-003,ROB101,3.8,2.9,4.2,4.2,3.2,3.0,2.4,2.7,10.6,27.1
ROB-2025-003,ROB102,3.1,3.8,4.3,2.3,3.2,2.0,3.1,4.2,10.8,21.2
ROB-2025-003,ROB103,3.8,2.5,3.1,3.1,2.0,4.6,3.9,3.4,14.1,32.3
ROB-2025-003,ROB104,2.5,3.2,4.0,3.6,3.3,2.8,2.4,4.9,11.5,31.7
ROB-2025-003,ROB105,2.2,3.6,3.8,4.6,2.5,2.5,4.0,2.5,18.5,22.1
ROB-2025-003,ROB201,4.3,3.3,2.8,4.4,3.8,4.5,3.6,4.2,12.9,29.9
ROB-2025-003,ROB202,2.4,3.1,4.0,3.7,5.0,2.1,2.7,2.7,19.3,22.0
ROB-2025-003,ROB203,2.9,4.7,3.9,4.3,3.7,3.3,4.7,4.6,12.1,33.8
ROB-2025-003,ROB204,2.4,3.7,4.9,2.2,4.0,4.2,4.2,3.1,13.8,24.5
ROB-2025-003,ROB205,4.4,2.7,4.5,2.7,2.5,3.1,3.2,4.8,13.2,34.9
ROB-2025-003,ROB301,4.3,4.1,2.8,2.9,2.4,3.0,3.7,2.3,16.6,21.2
ROB-2025-003,ROB302,2.6,4.1,4.7,3.6,2.8,2.2,2.9,4.7,15.3,35.1
ROB-2025-003,ROB303,4.6,3.5,2.3,3.3,4.0,4.8,3.9,3.0,12.8,38.2
ROB-2025-003,ROB304,2.9,2.5,4.1,4.0,2.3,2.7,5.0,2.7,14.6,30.8
ROB-2025-003,ROB305,4.5,4.6,3.9,2.1,4.7,3.2,4.0,2.5,15.1,27.5
ROB-2025-003,ROB401,3.1,3.9,4.0,2.8,4.5,2.4,4.2,2.2,11.5,21.6
ROB-2025-003,ROB402,3.9,2.6,3.4,4.4,3.8,2.4,2.8,4.8,17.7,35.0
ROB-2025-003,ROB403,3.6,2.1,3.6,2.4,4.9,2.6,4.2,3.1,11.8,36.1
ROB-2025-003,ROB404,3.8,4.4,4.9,3.8,2.9,4.8,2.0,3.6,16.9,22.9
ROB-2025-003,ROB405,4.0,3.3,2.9,3.8,4.9,4.9,2.9,3.3,17.5,28.8
ROB-2025-003,ROB501,2.4,2.4,4.7,3.6,2.9,2.6,3.2,3.0,14.7,29.1
ROB-2025-003,ROB502,4.6,4.9,2.4,3.4,2.2,4.3,4.5,2.1,14.8,28.2
ROB-2025-003,ROB503,2.5,4.4,2.7,4.2,2.6,4.4,4.0,4.3,15.1,34.6
ROB-2025-003,ROB504,3.1,2.8,2.2,4.0,4.7,4.1,3.3,4.5,17.9,21.9
ROB-2025-003,ROB505,3.0,4.1,4.5,4.7,2.7,4.0,4.6,4.2,15.0,20.1
ROB-2025-003,ROB601,2.4,3.6,3.8,3.2,3.2,3.0,3.1,3.2,16.4,29.0
ROB-2025-003,ROB602,3.0,2.9,3.1,2.4,2.6,2.6,4.1,2.8,12.3,27.9
ROB-2025-003,ROB603,4.6,2.5,2.6,5.0,4.3,3.8,3.3,2.2,12.6,29.2
ROB-2025-003,ROB604,3.8,3.2,4.3,2.4,2.2,4.9,3.9,3.4,12.9,29.0
ROB-2025-003,ROB605,4.2,2.2,2.2,3.0,4.1,4.1,3.8,2.9,14.5,22.8
ROB-2025-003,ROB701,4.3,4.2,4.2,2.7,4.1,2.6,4.0,3.4,15.5,35.6
ROB-2025-003,ROB702,3.1,4.4,5.0,3.9,2.1,4.5,4.4,4.8,17.4,21.7
ROB-2025-003,ROB703,4.0,2.3,3.5,4.1,2.9,2.5,4.4,3.9,13.8,25.1
ROB-2025-003,ROB704,4.7,4.1,2.1,2.3,4.7,4.2,3.8,3.5,10.0,30.1
ROB-2025-003,ROB705,3.3,3.9,3.8,3.9,4.8,2.9,4.1,4.1,12.3,34.7
ROB-2025-003,ROB801,3.2,3.2,2.3,3.4,2.0,2.0,4.4,3.9,14.3,33.7
ROB-2025-003,ROB802,4.9,3.0,3.6,2.7,2.6,4.8,2.4,4.6,12.1,22.8
ROB-2025-003,ROB803,4.6,2.8,4.5,3.9,3.3,3.5,4.0,4.0,11.6,23.8
ROB-2025-003,ROB804,3.0,2.4,2.9,4.7,4.6,3.6,3.1,2.7,15.4,21.8
ROB-2025-003,ROB805,3.3,2.7,4.2,5.0,2.8,2.1,4.6,4.2,10.2,39.3
ROB-2025-004,ROB101,4.2,2.3,4.7,4.2,3.7,2.5,2.7,2.9,15.6,25.7
ROB-2025-004,ROB102,2.2,3.9,2.7,3.6,4.1,3.5,4.5,2.9,11.7,20.1
ROB-2025-004,ROB103,2.5,2.5,2.2,4.3,3.9,4.4,3.3,4.4,11.5,37.1
ROB-2025-004,ROB104,2.5,4.8,2.8,4.0,2.1,2.6,2.5,3.6,18.7,26.1
ROB-2025-004,ROB105,3.4,2.5,4.6,2.1,4.7,4.5,3.1,4.3,13.2,29.7
ROB-2025-004,ROB201,2.5,3.1,2.2,3.8,3.4,3.1,2.1,3.4,17.5,24.9
ROB-2025-004,ROB202,4.4,4.2,2.4,2.1,4.3,2.7,4.9,3.6,12.6,28.7
ROB-2025-004,ROB203,4.3,2.9,3.3,3.9,3.7,4.9,3.8,4.7,16.0,35.7
ROB-2025-004,ROB204,4.8,3.2,4.9,2.3,2.9,3.4,2.2,2.8,19.9,30.0
ROB-2025-004,ROB205,4.0,3.3,3.0,4.9,2.9,4.7,3.9,2.4,13.8,23.0
ROB-2025-004,ROB301,4.0,3.0,3.1,4.3,3.7,4.3,4.0,4.2,12.5,38.1
ROB-2025-004,ROB302,4.4,4.5,3.5,4.1,4.1,3.2,2.9,3.4,14.7,28.0
ROB-2025-004,ROB303,2.6,4.9,2.6,3.6,2.6,4.6,3.0,3.1,14.1,20.6
ROB-2025-004,ROB304,2.5,3.9,3.7,4.7,4.5,2.7,3.6,2.2,14.1,20.8
ROB-2025-004,ROB305,2.0,4.4,3.5,4.3,4.2,2.6,2.7,4.5,19.8,32.4
ROB-2025-004,ROB401,2.2,2.4,4.5,4.6,4.4,2.3,4.8,2.8,14.4,23.7
ROB-2025-004,ROB402,3.1,4.3,5.0,4.6,3.6,2.6,4.0,4.1,14.5,32.5
ROB-2025-004,ROB403,2.9,3.0,4.5,3.9,2.3,4.0,4.6,2.5,19.6,29.4
ROB-2025-004,ROB404,4.0,4.7,4.6,2.8,3.2,3.2,2.1,2.2,19.8,20.5
ROB-2025-004,ROB405,3.0,3.2,3.6,3.1,3.7,3.2,2.1,4.4,13.7,37.6
ROB-2025-004,ROB501,3.6,3.5,2.3,2.4,3.7,4.7,4.9,3.6,10.3,39.6
ROB-2025-004,ROB502,4.8,2.7,2.6,2.3,4.6,3.2,3.7,4.0,14.1,28.6
ROB-2025-004,ROB503,2.8,3.4,2.9,2.3,2.2,3.8,2.7,5.0,18.8,23.1
ROB-2025-004,ROB504,3.4,4.9,2.3,3.4,3.4,2.6,4.8,3.0,16.3,25.2
ROB-2025-004,ROB505,4.7,3.8,2.2,3.1,2.6,3.5,4.5,4.8,17.5,32.1
ROB-2025-004,ROB601,3.9,3.9,3.1,4.9,3.2,3.5,2.2,4.4,13.5,25.4
ROB-2025-004,ROB602,4.7,3.9,2.1,3.6,4.8,3.3,4.5,3.6,17.2,31.1
ROB-2025-004,ROB603,3.6,2.4,2.5,2.1,4.9,4.6,2.9,3.8,12.5,30.6
ROB-2025-004,ROB604,4.8,2.2,4.1,2.6,5.0,2.2,3.0,2.2,17.3,31.7
ROB-2025-004,ROB605,2.7,3.0,4.8,3.0,4.9,4.0,4.3,4.6,11.2,39.7
ROB-2025-004,ROB701,3.7,3.1,3.8,2.4,3.3,2.1,2.1,4.1,13.3,32.2
ROB-2025-004,ROB702,3.2,3.1,2.0,4.2,4.5,4.0,3.5,3.7,10.7,23.7
ROB-2025-004,ROB703,3.0,2.4,4.3,4.7,3.3,3.2,2.9,3.1,19.2,35.3
ROB-2025-004,ROB704,4.8,4.5,4.8,2.3,2.7,3.1,2.3,2.5,16.6,32.3
ROB-2025-004,ROB705,2.0,3.7,2.3,2.5,2.3,2.5,2.5,4.6,20.0,25.2
ROB-2025-004,ROB801,3.4,2.7,3.3,4.1,4.8,2.6,4.9,4.0,15.6,33.9
ROB-2025-004,ROB802,2.1,3.6,3.6,2.4,4.8,4.7,4.3,2.0,16.4,32.2
ROB-2025-004,ROB803,4.8,4.4,4.8,2.9,4.1,5.0,4.5,2.3,12.6,36.6
ROB-2025-004,ROB804,2.0,4.8,2.9,4.9,3.7,3.2,4.3,2.6,13.2,24.4
ROB-2025-004,ROB805,4.2,3.2,4.1,4.3,2.4,2.0,4.9,4.7,12.8,38.8
ROB-2025-005,ROB101,3.8,3.4,4.6,2.8,3.5,4.5,3.0,2.0,16.9,24.5
ROB-2025-005,ROB102,4.8,3.7,4.8,2.2,4.6,4.5,4.5,2.1,14.2,29.9
ROB-2025-005,ROB103,4.2,3.8,3.2,4.9,3.9,4.6,3.1,3.7,11.2,37.4
ROB-2025-005,ROB104,2.9,3.6,4.2,3.1,2.0,3.6,3.1,5.0,17.4,23.0
ROB-2025-005,ROB105,3.4,4.6,2.5,4.7,2.0,3.7,3.4,3.9,10.6,29.6
ROB-2025-005,ROB201,3.1,2.8,4.2,4.6,4.1,2.8,3.9,3.8,17.4,24.7
ROB-2025-005,ROB202,4.7,4.7,3.3,3.1,2.8,3.4,3.1,3.6,14.4,27.4
ROB-2025-005,ROB203,3.2,4.4,3.8,2.2,4.9,3.9,2.2,2.4,18.4,22.6
ROB-2025-005,ROB204,2.3,3.9,3.2,3.4,2.4,2.5,4.7,2.8,10.9,21.1
ROB-2025-005,ROB205,3.1,3.2,3.6,3.3,2.4,3.7,2.7,2.5,10.6,38.3
ROB-2025-005,ROB301,4.8,2.2,2.8,2.9,4.1,2.9,4.2,2.8,10.7,29.9
ROB-2025-005,ROB302,3.4,2.9,2.1,2.5,4.9,3.9,4.4,3.7,18.0,34.2
ROB-2025-005,ROB303,4.3,4.2,2.2,4.1,4.7,4.5,2.9,4.7,15.7,29.6
ROB-2025-005,ROB304,2.4,4.2,3.4,4.3,4.9,2.4,4.4,3.9,17.1,22.0
ROB-2025-005,ROB305,2.2,3.4,2.0,4.0,4.7,3.1,2.8,4.6,14.3,21.4
ROB-2025-005,ROB401,3.3,4.2,2.8,4.1,3.2,2.2,4.7,3.1,11.1,27.8
ROB-2025-005,ROB402,3.0,2.2,3.4,2.5,2.6,5.0,3.3,2.4,17.5,37.2
ROB-2025-005,ROB403,4.0,4.0,4.7,3.9,2.1,3.8,3.0,2.9,12.8,27.3
ROB-2025-005,ROB404,2.2,3.6,2.3,2.4,2.4,2.7,2.3,4.8,12.1,33.9
ROB-2025-005,ROB405,2.1,4.7,2.3,2.8,2.3,3.2,3.4,3.8,14.3,28.3
ROB-2025-005,ROB501,4.7,3.5,4.8,4.3,2.5,2.9,3.2,2.0,17.3,22.4
ROB-2025-005,ROB502,2.7,3.9,3.7,3.7,4.2,3.9,4.2,3.0,10.7,20.6
ROB-2025-005,ROB503,2.2,3.6,3.4,4.0,4.4,4.1,2.5,4.0,11.6,20.4
ROB-2025-005,ROB504,3.1,2.4,4.1,3.4,3.1,3.7,3.2,2.4,19.3,27.3
ROB-2025-005,ROB505,4.3,3.1,4.6,4.9,3.2,4.7,2.4,4.6,10.1,24.1
ROB-2025-005,ROB601,3.4,3.1,4.4,4.5,4.4,4.0,3.4,3.2,19.3,37.6
ROB-2025-005,ROB602,3.0,3.2,2.4,5.0,4.5,5.0,3.9,4.1,10.8,39.6
ROB-2025-005,ROB603,3.7,3.3,4.0,2.1,4.3,4.2,2.7,4.9,16.9,27.9
ROB-2025-005,ROB604,3.2,3.8,2.9,4.2,4.6,2.2,3.1,2.7,18.5,38.2
ROB-2025-005,ROB605,3.5,4.6,4.8,3.0,4.8,2.7,2.9,4.2,11.0,23.0
ROB-2025-005,ROB701,3.7,3.5,3.2,4.4,4.3,2.5,4.1,4.1,15.2,25.3
ROB-2025-005,ROB702,2.7,4.8,2.2,4.6,4.8,4.7,2.4,3.8,11.3,21.6
ROB-2025-005,ROB703,3.8,3.6,2.3,4.9,4.8,2.5,2.3,4.5,14.1,28.7
ROB-2025-005,ROB704,2.3,3.4,2.5,2.2,2.9,2.3,4.1,4.7,13.1,26.2
ROB-2025-005,ROB705,2.3,3.3,2.9,3.2,4.5,4.9,2.7,3.4,18.2,39.4
ROB-2025-005,ROB801,2.0,2.3,4.8,4.4,2.5,4.8,2.1,2.6,15.5,29.7
ROB-2025-005,ROB802,2.3,2.5,2.8,2.1,2.8,4.1,3.9,2.5,18.1,34.2
ROB-2025-005,ROB803,2.1,2.4,4.8,3.3,3.8,3.9,3.5,2.9,15.2,25.3
ROB-2025-005,ROB804,4.2,4.7,4.6,4.3,2.0,3.0,2.6,4.6,12.0,27.5
ROB-2025-005,ROB805,3.5,2.6,3.9,4.4,4.7,3.0,3.0,4.5,16.3,21.0
SE-2025-001,SE101,4.0,3.9,4.5,3.8,2.4,4.0,4.7,4.3,12.8,33.0
SE-2025-001,SE102,3.9,2.9,3.7,3.7,4.1,4.4,3.9,2.3,16.2,36.6
SE-2025-001,SE103,4.6,4.1,3.3,2.8,3.9,3.1,4.5,3.8,11.6,30.6
SE-2025-001,SE104,2.2,3.3,2.6,2.5,4.0,3.5,4.4,3.0,19.8,22.3
SE-2025-001,SE105,3.2,4.2,2.4,4.9,2.8,4.3,2.6,3.4,18.8,22.6
SE-2025-001,SE201,2.8,3.3,4.8,3.1,2.6,3.6,4.9,4.7,14.2,20.7
SE-2025-001,SE202,4.0,3.1,4.8,4.1,3.0,4.3,4.6,4.6,14.8,30.9
SE-2025-001,SE203,3.4,4.2,4.0,2.7,4.2,3.9,4.0,2.8,15.1,32.6
SE-2025-001,SE204,3.8,3.0,3.2,2.8,3.8,4.5,4.7,2.0,17.4,30.6
SE-2025-001,SE205,4.1,2.8,4.2,2.0,2.6,4.1,2.4,3.6,13.9,21.9
SE-2025-001,SE301,4.0,4.9,3.4,4.1,3.6,3.7,4.8,2.2,13.5,38.9
SE-2025-001,SE302,4.6,4.6,4.1,2.2,3.8,5.0,4.5,3.9,15.4,36.9
SE-2025-001,SE303,4.8,3.5,4.7,2.3,4.6,3.8,2.2,4.2,10.5,26.0
SE-2025-001,SE304,4.1,3.8,2.4,2.9,3.1,3.0,4.1,4.5,19.5,20.1
SE-2025-001,SE305,2.9,4.8,2.9,3.1,3.8,3.6,3.7,4.4,13.4,31.3
SE-2025-001,SE401,4.3,4.6,4.1,3.3,2.7,2.9,3.1,3.2,18.5,21.7
SE-2025-001,SE402,3.4,2.8,3.2,2.5,2.0,5.0,2.8,2.1,12.0,38.7
SE-2025-001,SE403,2.4,4.5,4.2,4.5,4.5,4.5,2.0,4.8,19.8,34.1
SE-2025-001,SE404,4.5,2.4,3.2,2.1,4.4,4.6,2.2,4.9,10.5,20.2
SE-2025-001,SE405,2.5,3.2,4.9,3.2,4.2,4.8,5.0,4.1,13.4,27.8
SE-2025-001,SE501,2.0,2.6,3.1,4.3,4.1,4.8,2.2,4.1,13.5,24.4
SE-2025-001,SE502,4.2,5.0,4.1,4.8,3.9,5.0,4.7,4.8,11.9,22.2
SE-2025-001,SE503,2.6,3.8,4.3,3.3,3.6,2.1,2.4,3.4,19.7,20.3
SE-2025-001,SE504,2.1,3.3,2.6,4.7,2.5,4.3,4.2,4.6,10.0,23.1
SE-2025-001,SE505,4.2,4.4,2.5,2.9,2.8,3.9,2.8,2.6,19.0,37.5
SE-2025-001,SE601,2.7,4.9,2.1,3.3,3.4,3.4,5.0,3.3,18.6,37.8
SE-2025-001,SE602,3.4,3.6,4.3,3.2,3.4,2.0,2.3,4.9,16.6,29.9
SE-2025-001,SE603,2.2,5.0,4.0,3.5,2.3,3.9,2.4,2.6,14.0,24.4
SE-2025-001,SE604,4.3,3.3,2.1,3.4,4.1,2.6,3.5,3.6,16.6,20.9
SE-2025-001,SE605,2.5,4.3,2.7,4.3,3.4,2.2,3.9,3.8,17.4,27.0
SE-2025-001,SE701,3.1,4.8,2.7,4.7,3.3,3.0,2.1,3.7,17.3,33.6
SE-2025-001,SE702,3.2,4.6,3.0,3.7,3.6,3.2,3.2,2.5,18.3,26.8
SE-2025-001,SE703,3.1,4.1,2.0,3.7,3.6,4.4,4.9,3.7,10.6,24.7
SE-2025-001,SE704,3.5,4.2,3.6,4.1,4.1,5.0,4.6,4.3,19.7,31.7
SE-2025-001,SE705,4.3,3.0,3.7,4.9,2.3,4.9,2.7,4.6,10.3,20.0
SE-2025-001,SE801,2.4,2.7,3.8,4.3,4.1,4.7,2.4,2.2,12.8,39.5
SE-2025-001,SE802,3.6,3.0,4.0,2.9,4.8,4.7,2.7,2.1,14.6,22.0
SE-2025-001,SE803,2.6,3.5,3.7,3.5,2.7,2.1,2.0,2.4,19.4,32.7
SE-2025-001,SE804,2.3,2.3,4.5,4.0,4.3,2.4,3.6,3.2,12.3,25.9
SE-2025-001,SE805,3.9,3.1,4.5,3.0,4.7,3.7,4.7,3.4,14.3,31.4
SE-2025-002,SE101,4.2,2.2,2.4,3.3,3.1,3.2,3.4,3.9,14.7,36.2
SE-2025-002,SE102,2.8,4.3,3.7,4.3,4.9,2.6,4.8,3.8,12.2,23.1
SE-2025-002,SE103,5.0,3.0,2.2,2.1,3.3,3.5,2.3,3.0,17.0,38.5
SE-2025-002,SE104,3.6,5.0,4.9,3.4,3.3,3.9,2.5,3.4,17.5,25.4
SE-2025-002,SE105,3.3,3.1,3.7,3.9,4.1,3.3,4.7,3.6,17.6,23.8
SE-2025-002,SE201,4.5,4.2,4.5,3.4,2.6,2.6,3.6,3.8,11.4,37.3
SE-2025-002,SE202,3.4,2.3,4.5,2.8,4.5,3.7,2.2,3.4,13.8,24.0
SE-2025-002,SE203,3.0,4.7,3.8,4.8,2.5,4.1,3.7,3.6,14.5,21.5
SE-2025-002,SE204,4.7,3.9,4.0,3.9,3.0,3.8,2.6,3.3,19.4,25.7
SE-2025-002,SE205,4.5,4.8,2.2,4.1,4.2,3.5,2.6,4.5,16.1,20.3
SE-2025-002,SE301,4.5,2.8,3.8,4.7,3.5,2.6,4.3,2.6,11.4,26.0
SE-2025-002,SE302,4.7,4.3,4.9,2.8,3.1,2.7,2.3,4.4,14.3,38.6
SE-2025-002,SE303,3.8,2.6,4.3,2.3,2.7,2.7,2.2,3.2,18.5,33.3
SE-2025-002,SE304,2.2,2.4,3.5,4.8,3.5,3.3,3.7,2.4,11.7,35.3
SE-2025-002,SE305,2.3,2.4,4.2,2.1,2.7,4.5,3.5,2.7,19.3,21.0
SE-2025-002,SE401,4.4,3.0,4.8,3.0,2.6,4.9,2.5,4.2,10.1,29.9
SE-2025-002,SE402,5.0,4.3,5.0,4.1,4.1,2.7,4.2,4.8,19.6,23.4
SE-2025-002,SE403,3.7,5.0,4.2,4.4,3.1,3.9,4.6,3.0,12.4,22.4
SE-2025-002,SE404,4.6,4.4,4.8,4.0,2.9,2.5,4.6,2.3,11.5,21.9
SE-2025-002,SE405,3.7,4.0,2.3,3.3,2.1,3.0,4.3,4.1,16.7,23.1
SE-2025-002,SE501,3.9,2.7,2.6,3.5,2.5,4.8,4.6,2.6,12.4,29.0
SE-2025-002,SE502,2.5,4.0,2.4,2.0,3.2,4.0,3.7,4.6,11.9,33.0
SE-2025-002,SE503,3.1,4.2,2.9,2.7,4.8,2.4,4.2,2.2,16.0,31.4
SE-2025-002,SE504,3.3,2.3,4.1,4.6,2.8,3.0,4.6,4.9,12.0,25.1
SE-2025-002,SE505,2.6,3.3,2.4,2.0,3.2,3.8,3.9,3.7,10.2,35.5
SE-2025-002,SE601,4.9,2.9,2.1,2.8,4.4,2.6,2.6,3.9,16.3,35.0
SE-2025-002,SE602,4.2,3.5,3.9,3.0,3.7,4.0,2.0,4.1,17.4,31.6
SE-2025-002,SE603,2.1,4.9,3.8,2.7,2.9,2.2,2.3,4.4,11.6,35.7
SE-2025-002,SE604,4.5,2.1,3.8,4.4,4.8,3.8,2.4,2.8,20.0,24.0
SE-2025-002,SE605,2.5,3.2,3.3,3.2,2.8,4.0,4.1,4.3,11.9,20.9
SE-2025-002,SE701,2.6,4.3,3.5,2.7,3.1,2.9,4.9,3.4,11.3,22.9
SE-2025-002,SE702,3.6,4.6,2.9,3.6,3.5,4.3,4.8,4.7,16.9,27.7
SE-2025-002,SE703,3.4,3.1,4.4,2.3,3.4,3.7,3.8,4.3,17.6,22.3
SE-2025-002,SE704,3.2,4.5,3.8,4.8,4.0,2.5,5.0,4.0,10.2,33.6
SE-2025-002,SE705,3.9,4.9,5.0,4.0,3.1,3.7,2.5,2.8,15.5,36.6
SE-2025-002,SE801,3.1,3.2,4.6,4.1,2.9,3.1,4.4,4.0,17.8,26.6
SE-2025-002,SE802,3.4,2.6,2.5,3.0,3.2,4.6,2.6,4.3,19.8,23.3
SE-2025-002,SE803,4.3,2.2,2.6,4.2,4.1,4.2,3.2,2.7,17.2,35.2
SE-2025-002,SE804,4.7,3.2,4.1,3.6,3.9,2.2,3.1,3.2,17.6,29.5
SE-2025-002,SE805,3.0,2.4,2.6,2.3,3.4,4.8,2.8,3.4,11.8,30.8
SE-2025-003,SE101,2.6,2.9,3.2,2.9,2.8,2.7,4.7,3.7,12.6,28.3
SE-2025-003,SE102,4.7,4.3,4.3,3.9,2.4,3.8,2.3,4.9,18.6,31.4
SE-2025-003,SE103,4.3,4.0,2.0,4.6,3.6,4.9,4.4,3.0,12.0,21.3
SE-2025-003,SE104,3.4,3.1,4.9,3.8,2.4,2.3,4.5,2.7,10.9,23.7
SE-2025-003,SE105,2.7,3.2,4.1,4.9,4.5,4.6,5.0,4.8,10.5,36.2
SE-2025-003,SE201,2.4,3.6,3.3,4.2,4.0,2.3,4.9,2.0,15.6,21.1
SE-2025-003,SE202,3.9,3.0,2.6,4.6,4.7,4.4,3.2,2.3,12.5,24.2
SE-2025-003,SE203,3.9,2.4,4.0,3.0,4.5,3.4,4.1,3.2,13.1,24.2
SE-2025-003,SE204,3.1,4.0,3.1,3.8,2.2,3.7,3.3,3.5,17.8,36.4
SE-2025-003,SE205,2.8,3.7,4.8,4.2,2.9,4.7,3.2,2.3,16.7,21.8
SE-2025-003,SE301,2.5,3.1,2.7,3.8,4.3,3.2,3.4,3.3,10.7,32.4
SE-2025-003,SE302,2.2,2.4,2.9,3.8,3.8,4.6,4.4,3.4,20.0,33.8
SE-2025-003,SE303,2.6,2.2,3.9,2.2,3.0,4.1,2.2,4.1,18.1,21.7
SE-2025-003,SE304,3.3,4.8,4.4,3.1,3.4,4.0,2.2,3.0,14.3,25.8
SE-2025-003,SE305,3.8,2.9,4.5,3.8,4.5,4.0,4.0,2.8,19.5,24.1
SE-2025-003,SE401,2.4,2.4,2.8,3.9,4.5,3.0,3.3,3.9,11.4,35.6
SE-2025-003,SE402,2.8,2.5,3.6,3.8,4.5,2.1,3.2,2.6,16.2,36.6
SE-2025-003,SE403,3.0,2.5,3.6,2.7,4.6,3.4,2.5,3.6,15.1,39.8
SE-2025-003,SE404,2.8,4.4,3.6,5.0,4.0,3.3,3.2,2.5,12.5,22.5
SE-2025-003,SE405,4.0,3.0,4.9,2.1,2.0,3.7,4.7,4.0,16.8,32.1
SE-2025-003,SE501,2.8,3.7,3.7,3.2,4.3,2.9,4.7,4.3,18.4,37.6
SE-2025-003,SE502,3.1,4.3,4.4,4.1,4.7,2.4,2.2,4.9,16.7,22.2
SE-2025-003,SE503,2.5,2.4,2.4,2.4,4.3,4.3,2.3,4.7,18.9,36.4
SE-2025-003,SE504,3.7,3.3,3.0,3.8,4.7,2.2,3.5,4.6,16.0,37.5
SE-2025-003,SE505,4.4,2.8,2.2,3.3,4.8,4.8,3.8,2.4,17.9,38.1
SE-2025-003,SE601,3.3,3.7,3.6,2.0,2.2,2.3,2.2,4.0,17.9,38.5
SE-2025-003,SE602,2.3,4.9,3.0,4.2,4.6,3.5,3.6,2.4,17.4,25.2
SE-2025-003,SE603,4.7,4.8,3.8,2.6,3.8,3.2,3.9,2.1,15.5,30.0
SE-2025-003,SE604,4.9,5.0,4.5,3.8,3.4,4.5,4.7,4.8,19.0,24.1
SE-2025-003,SE605,4.8,3.1,3.1,3.6,3.1,2.5,2.8,2.7,15.3,38.6
SE-2025-003,SE701,3.8,2.5,4.1,4.5,3.1,3.1,4.9,4.4,14.7,28.4
SE-2025-003,SE702,2.4,3.2,4.6,3.8,4.2,4.2,4.9,3.5,10.9,39.9
SE-2025-003,SE703,2.8,4.2,4.2,3.0,2.8,3.0,4.2,3.6,12.4,21.4
SE-2025-003,SE704,2.5,2.5,3.6,4.7,3.6,3.1,4.0,4.9,18.1,36.8
SE-2025-003,SE705,2.7,2.2,4.0,4.6,3.0,2.1,2.6,4.1,18.0,20.3
SE-2025-003,SE801,5.0,4.6,3.0,4.9,3.8,3.2,2.5,4.9,14.9,27.4
SE-2025-003,SE802,4.1,4.4,4.8,2.2,5.0,4.4,3.2,4.3,18.6,23.7
SE-2025-003,SE803,4.4,3.0,2.4,3.1,3.3,4.8,4.6,2.7,18.2,33.8
SE-2025-003,SE804,4.2,3.4,4.7,2.1,2.1,2.9,3.3,3.2,10.3,22.9
SE-2025-003,SE805,2.8,3.7,3.1,2.4,2.7,2.8,3.2,3.0,13.9,25.0
SE-2025-004,SE101,2.5,3.6,2.9,4.3,3.5,4.1,4.1,2.3,14.5,21.4
SE-2025-004,SE102,3.1,4.2,2.9,2.9,2.0,2.6,2.9,3.8,13.8,22.5
SE-2025-004,SE103,2.2,5.0,3.2,2.0,2.9,4.5,2.4,3.1,17.6,24.5
SE-2025-004,SE104,3.3,3.1,2.2,4.7,3.0,2.8,4.4,4.7,16.3,26.8
SE-2025-004,SE105,3.7,5.0,2.1,4.5,4.1,4.4,5.0,4.5,10.5,38.2
SE-2025-004,SE201,2.1,3.0,4.0,4.2,2.9,4.1,5.0,3.3,18.3,23.5
SE-2025-004,SE202,2.4,4.5,3.5,3.3,4.4,4.1,4.7,2.5,11.5,39.9
SE-2025-004,SE203,2.2,3.2,3.5,3.2,3.7,4.8,4.5,3.4,11.7,33.6
SE-2025-004,SE204,2.9,4.9,3.1,3.5,3.5,2.4,4.0,4.7,10.1,37.3
SE-2025-004,SE205,2.9,4.3,4.1,4.0,4.2,2.0,4.5,2.6,11.1,39.2
SE-2025-004,SE301,4.8,4.0,4.2,2.3,3.2,3.4,3.6,3.6,13.9,27.2
SE-2025-004,SE302,2.6,3.3,2.3,3.5,2.8,3.4,3.6,3.3,14.3,37.4
SE-2025-004,SE303,3.3,3.9,4.4,3.6,4.0,4.0,3.0,2.6,19.3,20.7
SE-2025-004,SE304,3.6,2.3,3.2,4.8,2.7,3.2,2.3,2.4,18.9,34.7
SE-2025-004,SE305,3.6,4.2,2.4,3.8,4.4,2.9,3.4,3.6,14.5,34.9
SE-2025-004,SE401,3.4,4.2,2.4,2.1,3.7,2.7,4.9,3.3,17.5,34.3
SE-2025-004,SE402,2.2,4.6,4.7,3.3,2.1,2.8,3.2,2.8,15.4,35.1
SE-2025-004,SE403,4.1,4.7,3.1,3.7,4.2,3.6,4.3,2.4,14.5,21.0
SE-2025-004,SE404,3.1,4.7,2.6,3.9,4.9,3.5,3.6,3.0,18.9,26.7
SE-2025-004,SE405,3.9,3.7,2.4,4.1,3.3,2.7,4.4,4.7,11.4,24.7
SE-2025-004,SE501,3.0,2.7,4.1,3.5,2.8,3.2,4.8,4.4,15.7,30.2
SE-2025-004,SE502,3.2,2.8,3.0,4.7,4.9,2.2,2.8,2.9,12.6,33.4
SE-2025-004,SE503,2.6,3.9,3.5,4.8,2.8,4.8,2.6,3.4,19.4,22.1
SE-2025-004,SE504,3.2,2.3,2.8,2.5,4.4,3.1,4.0,2.4,16.9,30.5
SE-2025-004,SE505,2.8,3.9,3.0,2.3,3.8,4.1,2.6,4.3,15.1,33.7
SE-2025-004,SE601,4.6,2.8,4.9,4.9,3.0,3.5,4.3,3.6,19.9,31.1
SE-2025-004,SE602,3.6,3.0,2.4,3.7,4.3,2.1,3.3,2.9,16.8,29.9
SE-2025-004,SE603,3.7,4.0,3.6,3.1,4.5,2.1,2.1,3.3,11.8,25.2
SE-2025-004,SE604,4.6,4.7,3.7,2.5,4.8,3.6,3.0,3.2,14.4,40.0
SE-2025-004,SE605,4.3,2.2,4.2,2.4,2.1,4.1,2.9,3.1,10.0,28.3
SE-2025-004,SE701,2.4,3.0,3.6,3.1,2.9,4.2,3.3,4.3,19.5,37.4
SE-2025-004,SE702,2.6,4.5,3.3,2.6,3.0,4.6,3.6,3.2,17.7,22.0
SE-2025-004,SE703,4.4,3.0,3.3,2.8,4.9,4.5,2.9,2.3,14.4,22.3
SE-2025-004,SE704,3.0,3.7,3.1,2.6,4.1,4.9,3.3,2.9,13.4,36.3
SE-2025-004,SE705,3.0,2.0,3.9,4.7,4.7,2.0,4.3,2.1,19.5,26.4
SE-2025-004,SE801,4.1,4.8,2.3,4.4,2.9,3.3,3.6,4.9,14.4,24.6
SE-2025-004,SE802,2.7,3.5,3.0,4.7,3.6,3.0,4.4,3.6,17.3,30.4
SE-2025-004,SE803,4.5,3.0,4.3,3.9,2.6,3.0,2.7,3.4,17.1,27.0
SE-2025-004,SE804,4.2,4.9,3.1,2.9,2.8,3.4,2.6,3.4,10.7,30.6
SE-2025-004,SE805,4.6,2.1,4.7,5.0,2.8,3.2,2.5,3.3,16.5,39.7
SE-2025-005,SE101,2.7,4.1,3.9,2.9,3.7,4.5,2.9,2.4,16.9,34.8
SE-2025-005,SE102,4.1,3.1,4.4,2.1,3.0,3.0,4.5,2.6,12.6,34.6
SE-2025-005,SE103,2.9,2.8,4.1,3.0,2.6,4.6,4.5,2.3,13.1,34.6
SE-2025-005,SE104,3.7,3.9,2.4,2.7,3.4,3.7,2.4,2.8,16.4,23.9
SE-2025-005,SE105,4.7,4.9,3.0,3.4,2.7,3.3,4.4,2.1,15.9,29.8
SE-2025-005,SE201,2.9,3.3,3.7,4.8,4.6,3.0,2.7,4.5,12.8,22.9
SE-2025-005,SE202,4.8,4.7,3.0,3.8,2.3,3.3,3.4,4.8,11.0,24.7
SE-2025-005,SE203,3.1,4.0,2.9,3.0,3.8,2.2,2.9,4.3,11.4,30.0
SE-2025-005,SE204,2.1,4.1,2.3,3.3,3.2,3.9,2.9,3.9,18.0,30.8
SE-2025-005,SE205,2.8,4.5,3.6,4.5,3.4,3.4,3.7,3.3,18.3,32.4
SE-2025-005,SE301,2.3,3.0,2.6,3.6,4.8,3.8,5.0,2.8,15.8,25.0
SE-2025-005,SE302,4.8,4.5,3.6,2.4,2.9,3.6,3.8,4.8,10.3,32.8
SE-2025-005,SE303,3.0,2.1,2.9,4.6,2.9,3.7,3.7,2.6,10.8,23.6
SE-2025-005,SE304,3.4,3.7,4.3,4.9,4.5,2.9,3.5,2.8,17.1,31.7
SE-2025-005,SE305,3.5,3.3,3.4,4.7,2.2,4.4,4.4,4.7,13.2,37.3
SE-2025-005,SE401,2.8,2.7,2.0,4.2,3.6,4.2,2.9,4.9,18.4,29.5
SE-2025-005,SE402,2.6,2.8,3.9,4.4,4.5,2.2,3.4,4.9,19.6,32.3
SE-2025-005,SE403,2.0,2.7,4.0,2.4,2.2,5.0,3.7,2.4,19.5,37.7
SE-2025-005,SE404,3.1,2.6,4.0,2.3,4.0,2.8,3.7,3.3,17.9,30.3
SE-2025-005,SE405,3.9,3.1,4.5,4.3,3.5,2.1,4.1,3.0,12.4,22.0
SE-2025-005,SE501,4.1,4.9,2.8,4.8,4.6,4.5,2.6,2.2,16.2,39.9
SE-2025-005,SE502,3.6,4.4,3.8,4.1,4.1,4.9,2.2,3.3,12.4,27.3
SE-2025-005,SE503,3.4,3.4,3.7,4.8,2.2,3.7,2.6,2.2,10.4,35.3
SE-2025-005,SE504,3.8,4.6,4.4,4.7,2.6,4.8,2.2,3.5,14.5,23.4
SE-2025-005,SE505,4.6,3.4,4.9,2.8,2.9,3.9,4.7,4.5,17.9,31.5
SE-2025-005,SE601,4.6,2.5,3.0,4.1,2.4,4.9,4.3,3.8,16.4,22.5
SE-2025-005,SE602,3.1,4.1,4.2,2.2,2.0,3.5,2.1,2.5,13.1,23.5
SE-2025-005,SE603,4.0,3.2,3.4,4.9,3.9,2.1,2.5,4.9,15.2,38.3
SE-2025-005,SE604,4.5,4.8,4.4,4.9,2.5,4.0,4.9,4.7,12.1,39.4
SE-2025-005,SE605,3.3,3.8,4.8,4.1,3.1,2.3,3.6,2.2,14.6,31.4
SE-2025-005,SE701,4.6,2.5,2.3,4.5,2.2,4.5,4.2,4.9,14.7,39.0
SE-2025-005,SE702,4.5,4.4,3.8,4.8,4.6,2.2,3.8,2.2,11.9,30.5
SE-2025-005,SE703,4.8,2.3,2.7,2.7,4.3,2.5,3.1,2.8,10.0,21.5
SE-2025-005,SE704,4.1,4.2,2.9,2.6,3.5,2.8,3.1,4.1,13.3,31.6
SE-2025-005,SE705,4.5,2.2,3.2,4.5,4.7,2.6,3.3,4.8,15.9,36.8
SE-2025-005,SE801,3.9,4.4,3.7,3.2,3.7,2.4,3.0,4.1,13.0,31.8
SE-2025-005,SE802,3.4,3.6,2.1,3.8,4.7,4.9,2.2,3.2,10.9,35.2
SE-2025-005,SE803,2.1,3.8,3.8,4.8,2.9,2.7,2.4,2.2,14.5,39.2
SE-2025-005,SE804,3.5,2.1,3.8,2.7,3.3,4.1,2.2,3.7,10.0,32.6
SE-2025-005,SE805,4.6,2.6,4.3,3.1,3.7,2.1,3.0,3.8,15.2,21.2
DS-2025-001,DS101,3.0,4.9,4.7,3.5,2.8,4.6,4.9,3.3,10.9,27.6
DS-2025-001,DS102,4.9,2.4,2.6,4.3,3.8,3.7,4.9,3.2,11.4,21.9
DS-2025-001,DS103,4.4,2.4,2.3,4.6,2.5,4.8,4.6,4.2,12.5,21.4
DS-2025-001,DS104,3.6,4.2,3.6,2.3,4.2,4.9,2.6,4.0,10.3,27.2
DS-2025-001,DS105,4.3,4.8,2.9,2.1,4.6,4.2,3.9,4.8,16.3,29.4
DS-2025-001,DS201,4.2,3.2,4.4,2.0,3.0,4.4,3.1,3.1,16.8,31.9
DS-2025-001,DS202,2.7,4.8,3.6,4.9,2.6,2.8,2.3,4.3,14.4,25.7
DS-2025-001,DS203,5.0,3.7,2.2,4.3,2.7,4.8,2.0,3.3,14.5,22.2
DS-2025-001,DS204,3.4,4.5,3.3,2.5,4.7,4.5,2.6,2.2,12.9,37.9
DS-2025-001,DS205,2.1,2.3,2.1,3.3,3.3,4.2,3.0,2.4,13.4,21.2
DS-2025-001,DS301,2.4,2.1,4.1,4.2,3.5,4.4,4.2,4.7,11.8,24.5
DS-2025-001,DS302,3.5,4.1,3.2,3.2,3.3,3.4,4.1,3.0,15.6,30.1
DS-2025-001,DS303,2.2,2.4,4.6,3.1,3.2,4.0,4.2,2.2,17.8,27.4
DS-2025-001,DS304,3.8,2.7,2.5,3.2,4.7,2.8,3.9,4.6,16.2,31.3
DS-2025-001,DS305,3.1,3.9,2.6,4.1,4.3,3.8,4.7,4.6,16.0,27.4
DS-2025-001,DS401,2.6,2.2,4.3,4.7,4.3,3.7,2.1,4.4,11.7,24.5
DS-2025-001,DS402,3.4,2.3,4.5,3.8,2.9,3.8,4.0,4.2,14.1,35.2
DS-2025-001,DS403,4.8,3.6,2.7,2.3,3.6,3.8,4.1,4.2,19.5,26.7
DS-2025-001,DS404,3.6,4.0,4.2,4.3,4.0,4.7,2.1,3.3,17.8,27.9
DS-2025-001,DS405,3.4,4.1,3.8,3.5,4.8,2.1,2.2,2.9,15.0,26.8
DS-2025-001,DS501,3.0,3.5,3.9,3.2,3.6,4.3,2.1,4.3,11.7,32.7
DS-2025-001,DS502,4.9,3.8,2.8,4.6,2.9,2.7,2.2,4.5,12.2,23.0
DS-2025-001,DS503,3.4,2.4,4.8,3.4,4.5,4.4,3.0,2.8,16.0,39.5
DS-2025-001,DS504,4.8,3.7,4.0,3.8,2.7,3.7,4.5,2.4,18.8,23.6
DS-2025-001,DS505,3.1,4.5,2.8,2.2,4.2,2.3,3.6,4.4,15.9,29.0
DS-2025-001,DS601,4.0,3.4,4.9,3.9,3.0,2.2,4.1,2.2,12.0,22.9
DS-2025-001,DS602,2.5,3.0,4.2,2.5,4.6,3.4,2.7,3.7,13.3,38.2
DS-2025-001,DS603,3.3,4.8,4.2,3.3,5.0,3.5,4.0,2.1,19.2,25.3
DS-2025-001,DS604,2.9,3.5,3.5,3.2,3.2,4.1,2.3,3.2,12.0,34.0
DS-2025-001,DS605,3.1,2.1,2.7,2.5,2.8,3.6,3.1,3.0,11.3,22.8
DS-2025-001,DS701,3.5,4.1,4.2,2.7,3.0,4.4,3.3,4.0,15.0,24.7
DS-2025-001,DS702,3.2,3.4,3.4,4.4,4.0,2.2,4.3,3.0,17.8,27.0
DS-2025-001,DS703,4.5,2.0,3.9,4.7,2.3,2.5,4.0,4.7,14.6,28.8
DS-2025-001,DS704,2.2,2.4,2.5,3.6,2.1,2.9,4.8,3.3,12.8,25.4
DS-2025-001,DS705,3.1,4.2,3.4,3.4,4.4,4.1,4.5,4.2,11.8,39.9
DS-2025-001,DS801,2.1,3.0,2.6,3.3,4.0,3.1,4.1,3.2,17.5,24.5
DS-2025-001,DS802,2.1,2.4,4.2,5.0,3.4,2.8,4.0,4.4,15.9,32.5
DS-2025-001,DS803,3.6,4.4,2.7,2.4,3.9,4.5,4.9,3.2,18.9,38.3
DS-2025-001,DS804,4.4,4.0,4.8,4.2,2.8,4.2,2.9,4.1,19.6,26.4
DS-2025-001,DS805,4.1,3.8,2.1,4.1,2.7,4.7,3.7,2.2,19.2,36.1
DS-2025-002,DS101,2.9,2.8,4.9,3.6,3.9,4.1,4.1,3.4,13.7,22.4
DS-2025-002,DS102,2.0,2.8,2.3,3.9,4.5,4.6,4.5,2.0,15.5,26.4
DS-2025-002,DS103,4.3,4.4,3.5,2.2,2.4,4.4,2.0,3.1,11.2,25.4
DS-2025-002,DS104,4.2,2.5,2.3,2.1,2.6,2.4,4.3,2.4,18.0,33.6
DS-2025-002,DS105,2.8,3.1,2.7,2.4,2.6,4.9,3.0,2.3,16.8,26.5
DS-2025-002,DS201,4.8,2.4,4.3,3.6,3.0,4.0,3.3,4.0,11.7,39.1
DS-2025-002,DS202,2.7,2.1,3.7,4.1,3.7,2.2,4.5,3.7,11.7,22.8
DS-2025-002,DS203,4.8,2.5,3.7,3.1,5.0,2.8,4.9,3.8,11.5,34.1
DS-2025-002,DS204,3.3,4.2,2.6,4.1,4.3,3.5,2.5,3.4,13.8,27.3
DS-2025-002,DS205,3.7,2.9,3.7,2.3,4.0,2.7,3.2,4.3,16.9,37.1
DS-2025-002,DS301,4.2,2.5,4.0,2.7,3.0,2.7,4.2,4.9,11.3,32.5
DS-2025-002,DS302,3.3,2.2,2.8,4.9,4.5,4.8,4.2,2.8,14.3,35.2
DS-2025-002,DS303,2.7,3.2,3.8,3.7,2.6,3.4,4.8,3.2,18.1,22.0
DS-2025-002,DS304,3.2,3.9,4.4,4.5,2.6,3.0,3.6,3.3,14.5,38.7
DS-2025-002,DS305,4.8,2.1,2.7,4.6,2.4,4.9,2.8,2.7,11.2,37.5
DS-2025-002,DS401,2.2,3.1,2.3,4.6,3.3,4.9,4.2,4.2,15.0,30.8
DS-2025-002,DS402,3.7,3.4,4.2,4.2,4.2,4.6,2.9,2.8,11.2,33.1
DS-2025-002,DS403,2.7,4.6,2.7,4.4,4.1,2.1,2.3,4.6,19.4,32.0
DS-2025-002,DS404,3.4,4.8,4.2,3.1,4.3,2.3,2.2,4.6,12.7,38.2
DS-2025-002,DS405,3.9,3.1,4.4,4.8,2.0,2.7,4.2,3.7,14.9,30.4
DS-2025-002,DS501,2.7,2.6,2.0,2.1,4.6,3.6,2.9,2.8,10.0,39.6
DS-2025-002,DS502,3.8,3.3,3.3,2.4,4.5,2.4,2.9,2.1,18.7,22.7
DS-2025-002,DS503,2.4,2.2,4.2,2.4,3.0,3.9,4.2,4.4,10.6,35.6
DS-2025-002,DS504,4.2,4.1,4.7,3.6,3.4,2.4,3.1,3.8,17.7,36.6
DS-2025-002,DS505,2.6,4.1,2.1,4.3,2.3,4.6,3.2,3.0,18.7,28.5
DS-2025-002,DS601,3.8,4.7,4.0,4.8,4.7,2.9,5.0,3.1,18.8,31.7
DS-2025-002,DS602,3.3,3.9,2.6,4.5,2.3,3.3,3.3,2.7,14.8,32.6
DS-2025-002,DS603,3.0,2.1,4.4,3.6,4.3,2.7,2.1,2.7,17.4,24.2
DS-2025-002,DS604,3.3,4.4,4.1,2.9,4.5,3.7,3.3,2.4,15.0,28.7
DS-2025-002,DS605,4.1,3.6,4.0,3.8,4.6,3.4,4.0,4.5,19.3,28.6
DS-2025-002,DS701,4.0,4.3,3.4,3.6,4.9,2.8,3.9,2.3,16.2,37.6
DS-2025-002,DS702,4.2,4.8,4.7,3.6,3.3,2.4,4.0,4.2,17.6,25.3
DS-2025-002,DS703,2.8,4.4,2.9,3.0,2.5,3.1,4.3,4.7,13.0,27.7
DS-2025-002,DS704,3.7,4.8,4.8,2.1,2.5,4.7,2.1,2.0,19.8,31.3
DS-2025-002,DS705,4.0,4.3,3.0,4.8,2.1,3.7,3.3,4.0,11.9,23.0
DS-2025-002,DS801,2.7,3.2,4.5,3.5,3.5,4.7,4.1,2.7,19.1,35.7
DS-2025-002,DS802,2.6,2.5,4.2,3.5,4.2,4.2,3.5,2.4,11.1,22.3
DS-2025-002,DS803,4.4,4.0,3.4,3.5,4.3,4.1,2.8,3.7,18.9,35.4
DS-2025-002,DS804,3.3,4.6,2.6,2.8,2.7,4.4,3.3,4.0,18.3,22.0
DS-2025-002,DS805,4.6,2.0,2.3,3.2,4.7,2.5,4.3,4.8,18.0,28.4
DS-2025-003,DS101,2.9,2.1,2.5,3.8,3.2,2.9,3.5,3.7,14.2,31.7
DS-2025-003,DS102,4.8,3.8,3.2,4.4,4.4,3.5,2.6,3.2,14.7,20.2
DS-2025-003,DS103,2.7,3.1,4.9,4.4,3.8,3.7,4.3,2.4,10.6,35.7
DS-2025-003,DS104,3.8,3.3,2.5,2.4,4.4,3.3,2.1,4.2,19.4,31.7
DS-2025-003,DS105,4.4,2.9,4.0,3.6,2.0,4.6,4.1,2.9,12.1,23.5
DS-2025-003,DS201,2.4,3.2,3.3,2.7,4.8,3.8,3.9,4.6,10.5,20.4
DS-2025-003,DS202,3.1,4.8,3.1,4.7,5.0,2.4,4.6,3.8,11.5,33.4
DS-2025-003,DS203,3.3,2.8,3.2,3.9,3.1,3.1,2.2,2.3,15.4,24.9
DS-2025-003,DS204,2.5,4.5,4.3,3.0,2.1,2.5,2.8,3.0,14.0,36.5
DS-2025-003,DS205,4.7,3.0,2.8,4.5,3.4,2.1,4.8,4.6,18.5,31.1
DS-2025-003,DS301,3.3,4.4,4.2,2.8,3.0,2.5,4.2,3.5,19.4,28.0
DS-2025-003,DS302,2.2,2.8,3.7,4.9,2.1,4.8,2.4,4.2,15.0,35.8
DS-2025-003,DS303,4.0,4.7,4.5,4.0,4.8,4.4,4.0,3.5,17.4,32.5
DS-2025-003,DS304,4.6,2.2,3.8,2.5,2.5,4.8,4.3,2.2,10.2,25.8
DS-2025-003,DS305,3.4,4.1,3.4,3.4,4.8,4.6,2.5,2.7,15.9,25.9
DS-2025-003,DS401,4.5,2.3,3.1,4.0,4.8,2.9,4.8,4.6,11.4,25.0
DS-2025-003,DS402,4.5,4.6,4.7,3.0,2.9,2.9,2.1,3.9,15.5,30.3
DS-2025-003,DS403,2.3,3.4,4.5,4.9,2.2,4.7,4.4,2.4,16.2,29.3
DS-2025-003,DS404,3.0,3.0,2.6,4.6,3.2,3.3,3.1,4.8,16.3,23.6
DS-2025-003,DS405,3.9,2.6,2.2,4.2,4.6,3.1,4.4,2.1,17.4,31.2
DS-2025-003,DS501,4.8,4.2,3.0,4.3,3.1,3.1,4.5,2.4,18.5,23.0
DS-2025-003,DS502,2.3,3.3,3.9,4.7,3.5,2.2,2.6,3.4,17.2,20.4
DS-2025-003,DS503,3.2,4.8,2.2,3.5,3.9,4.5,2.5,2.7,16.4,24.7
DS-2025-003,DS504,3.5,2.7,3.3,4.3,3.9,3.4,4.3,4.7,11.5,38.4
DS-2025-003,DS505,2.9,4.4,2.1,3.9,3.2,3.8,3.0,2.3,19.6,37.3
DS-2025-003,DS601,3.6,2.9,4.4,3.2,3.6,4.5,2.7,2.1,17.2,37.1
DS-2025-003,DS602,4.1,3.9,2.7,3.6,3.4,2.2,5.0,4.2,18.3,29.2
DS-2025-003,DS603,2.4,2.8,4.1,3.6,2.5,3.1,4.2,4.2,17.4,27.5
DS-2025-003,DS604,3.5,2.4,4.1,5.0,3.9,2.8,4.6,3.7,11.7,33.6
DS-2025-003,DS605,2.4,4.4,2.7,5.0,4.8,3.1,2.0,2.3,19.1,32.8
DS-2025-003,DS701,3.7,3.8,4.1,2.8,4.5,3.9,4.5,4.1,11.0,38.2
DS-2025-003,DS702,2.4,2.8,2.4,4.4,2.9,2.3,4.2,2.1,16.0,26.5
DS-2025-003,DS703,4.9,2.1,2.4,3.5,3.4,4.3,2.6,2.2,14.5,36.7
DS-2025-003,DS704,4.3,3.6,4.3,2.4,4.5,2.0,2.6,4.7,12.1,21.1
DS-2025-003,DS705,5.0,2.2,2.9,3.4,2.9,3.6,2.2,3.7,16.8,25.1
DS-2025-003,DS801,3.6,3.9,4.9,4.9,3.1,3.2,3.1,3.9,11.8,38.8
DS-2025-003,DS802,2.5,3.4,2.1,4.2,2.1,4.9,4.1,3.0,11.1,27.8
DS-2025-003,DS803,4.6,4.4,3.7,4.6,4.0,3.2,4.7,3.8,14.9,34.0
DS-2025-003,DS804,4.8,3.5,4.7,2.3,4.8,4.8,3.9,3.8,18.8,30.6
DS-2025-003,DS805,3.4,3.7,3.8,2.1,3.0,2.9,3.4,4.6,12.0,22.2
DS-2025-004,DS101,3.4,4.2,3.2,4.2,2.3,4.7,3.7,3.8,15.0,37.6
DS-2025-004,DS102,4.9,2.3,3.6,2.1,4.2,4.8,4.0,4.3,16.5,35.5
DS-2025-004,DS103,4.0,2.8,3.2,4.8,2.7,4.3,2.8,2.3,10.3,35.9
DS-2025-004,DS104,2.8,2.9,3.6,3.9,3.6,3.9,2.7,2.6,19.6,21.3
DS-2025-004,DS105,3.5,3.0,3.1,4.6,3.2,2.8,3.0,2.6,18.6,20.6
DS-2025-004,DS201,4.1,2.7,3.3,3.9,4.5,3.2,2.9,2.7,19.8,29.4
DS-2025-004,DS202,2.2,3.7,2.1,3.4,4.9,4.7,3.9,2.9,17.5,30.2
DS-2025-004,DS203,3.7,2.4,4.9,3.8,2.9,3.6,2.2,4.4,11.3,35.9
DS-2025-004,DS204,4.9,4.9,2.5,4.0,4.1,2.5,4.0,2.3,15.2,35.4
DS-2025-004,DS205,4.7,5.0,2.1,2.2,2.2,3.5,3.1,2.9,10.2,30.8
DS-2025-004,DS301,3.1,2.1,3.3,4.1,3.1,4.6,2.8,4.8,16.8,39.0
DS-2025-004,DS302,2.0,5.0,4.8,3.6,4.0,5.0,3.9,2.7,18.5,32.1
DS-2025-004,DS303,3.2,3.0,3.2,4.8,2.6,3.3,3.0,2.1,18.7,35.8
DS-2025-004,DS304,4.7,4.9,3.0,2.5,3.6,4.3,4.2,2.1,19.7,39.7
DS-2025-004,DS305,4.5,4.5,3.2,3.6,2.5,4.7,2.5,4.8,15.6,31.2
DS-2025-004,DS401,2.4,4.0,3.2,4.4,2.7,3.7,2.7,3.3,18.7,24.0
DS-2025-004,DS402,2.4,4.8,2.5,3.4,3.9,3.5,2.7,2.5,11.4,23.6
DS-2025-004,DS403,3.6,4.1,3.7,3.7,4.7,4.3,4.5,2.9,17.7,25.1
DS-2025-004,DS404,2.5,3.2,4.0,4.5,4.0,4.1,2.1,4.7,15.7,36.4
DS-2025-004,DS405,2.4,2.0,2.9,3.3,2.3,4.3,4.4,3.2,12.0,29.4
DS-2025-004,DS501,4.9,2.9,4.6,4.9,2.1,2.1,4.7,3.8,15.3,22.7
DS-2025-004,DS502,2.2,4.2,4.6,3.2,5.0,4.7,2.1,3.2,16.3,33.4
DS-2025-004,DS503,4.3,4.8,2.3,3.3,3.2,4.7,4.0,4.5,19.9,33.5
DS-2025-004,DS504,4.6,3.9,4.9,4.7,3.2,2.2,2.4,2.6,18.0,31.9
DS-2025-004,DS505,2.5,2.9,3.8,3.4,2.9,2.3,2.2,2.2,16.7,30.7
DS-2025-004,DS601,2.1,4.6,2.2,4.4,4.0,4.9,2.2,2.6,11.0,28.2
DS-2025-004,DS602,3.1,4.4,2.0,4.1,3.1,3.6,3.4,3.8,10.9,21.6
DS-2025-004,DS603,3.6,4.0,4.7,4.0,3.7,2.0,4.6,4.0,18.4,31.8
DS-2025-004,DS604,5.0,3.2,2.7,4.5,4.1,3.9,4.0,5.0,10.7,28.6
DS-2025-004,DS605,2.5,2.8,4.3,3.0,2.6,2.9,2.5,2.5,17.6,24.6
DS-2025-004,DS701,3.0,4.9,3.2,3.5,4.1,3.3,3.1,2.2,14.5,32.9
DS-2025-004,DS702,2.3,2.8,2.5,3.4,3.6,4.7,2.3,4.3,12.0,27.2
DS-2025-004,DS703,3.5,4.0,4.1,2.0,4.7,4.8,3.4,4.4,14.0,31.5
DS-2025-004,DS704,3.7,3.1,4.3,2.2,2.5,4.1,3.7,2.4,17.2,34.2
DS-2025-004,DS705,4.5,2.6,4.6,4.4,4.2,3.3,3.2,3.0,17.3,25.4
DS-2025-004,DS801,4.6,3.4,2.7,4.3,2.7,5.0,3.0,3.4,19.7,35.6
DS-2025-004,DS802,3.6,3.8,4.7,2.4,2.9,3.4,3.2,3.6,10.9,35.0
DS-2025-004,DS803,4.4,3.7,3.0,3.2,3.7,2.2,3.3,2.4,14.6,27.0
DS-2025-004,DS804,3.3,4.7,3.3,4.5,3.4,2.8,2.9,3.3,14.6,38.2
DS-2025-004,DS805,2.8,2.9,2.7,2.7,4.6,2.6,2.7,2.1,10.2,23.1
DS-2025-005,DS101,3.5,3.9,2.0,3.8,3.4,2.6,4.0,3.2,14.8,30.2
DS-2025-005,DS102,4.5,3.1,2.9,3.3,4.6,3.1,2.5,2.2,15.3,20.1
DS-2025-005,DS103,4.1,3.3,4.4,2.0,2.2,4.7,2.6,3.0,18.5,30.0
DS-2025-005,DS104,2.8,2.0,3.2,2.1,4.1,2.7,2.6,3.6,16.1,22.6
DS-2025-005,DS105,4.4,4.4,2.4,4.4,4.4,2.6,2.9,2.6,13.5,23.3
DS-2025-005,DS201,2.5,3.2,2.8,5.0,2.3,4.8,3.9,2.9,16.2,33.4
DS-2025-005,DS202,3.5,4.5,4.3,2.1,4.5,2.1,4.3,3.9,17.0,30.1
DS-2025-005,DS203,4.6,2.8,3.0,4.4,3.5,3.6,2.2,4.5,10.5,29.0
DS-2025-005,DS204,3.2,3.0,3.3,3.0,3.8,2.5,2.6,3.6,17.0,30.0
DS-2025-005,DS205,4.9,3.9,4.0,2.1,3.8,4.4,3.3,3.8,14.3,20.9
DS-2025-005,DS301,4.1,2.8,4.6,4.5,2.3,3.7,4.5,4.5,12.3,39.7
DS-2025-005,DS302,3.2,4.5,4.5,4.1,2.8,4.4,4.2,3.0,13.1,33.3
DS-2025-005,DS303,4.0,4.6,2.4,4.2,4.4,3.8,4.3,2.9,16.3,34.6
DS-2025-005,DS304,3.7,2.9,2.8,3.6,2.5,3.6,2.8,4.0,17.4,24.8
DS-2025-005,DS305,2.8,2.2,4.7,3.3,3.8,4.4,2.5,3.4,15.5,21.9
DS-2025-005,DS401,2.2,3.3,3.7,3.3,3.1,4.0,3.4,4.8,16.9,30.1
DS-2025-005,DS402,4.3,2.9,3.1,3.9,3.5,4.9,5.0,4.3,15.8,36.2
DS-2025-005,DS403,2.4,2.6,2.1,4.5,3.4,3.0,2.1,2.5,18.8,36.5
DS-2025-005,DS404,4.7,3.4,3.1,3.4,3.7,4.1,2.4,4.4,11.2,32.8
DS-2025-005,DS405,3.5,3.7,4.1,2.4,2.2,2.3,3.2,4.3,13.8,25.2
DS-2025-005,DS501,2.5,2.4,4.2,4.7,4.8,3.0,2.5,4.2,16.9,24.6
DS-2025-005,DS502,4.9,2.9,4.3,4.9,4.5,3.4,2.7,2.0,10.3,30.8
DS-2025-005,DS503,2.0,3.4,4.2,4.1,3.0,3.3,2.3,3.6,18.2,30.1
DS-2025-005,DS504,2.5,2.7,3.8,4.1,2.6,3.3,4.2,4.6,15.5,23.6
DS-2025-005,DS505,4.0,4.0,4.1,3.3,4.4,2.2,3.6,2.1,12.5,28.1
DS-2025-005,DS601,2.9,4.9,3.2,3.8,4.6,3.3,2.5,2.1,18.3,21.9
DS-2025-005,DS602,4.4,3.2,2.9,3.7,2.7,4.3,3.8,4.3,15.6,29.7
DS-2025-005,DS603,2.8,2.6,2.6,3.2,2.1,2.8,2.1,4.4,17.1,39.6
DS-2025-005,DS604,2.3,2.6,3.7,2.1,4.7,2.2,4.4,3.4,10.3,31.3
DS-2025-005,DS605,4.2,2.4,4.3,3.0,2.9,4.5,4.2,4.3,16.5,23.0
DS-2025-005,DS701,4.7,2.8,3.9,2.1,3.6,3.6,3.1,2.2,19.2,20.4
DS-2025-005,DS702,3.6,2.2,3.5,2.6,3.6,2.2,4.9,2.6,12.5,21.7
DS-2025-005,DS703,2.9,4.9,3.1,2.9,2.9,4.1,4.8,4.0,19.7,32.6
DS-2025-005,DS704,2.1,2.4,2.1,4.2,4.1,3.2,4.0,3.7,13.8,38.0
DS-2025-005,DS705,2.9,3.3,4.4,3.6,2.3,2.7,4.7,3.6,13.0,34.7
DS-2025-005,DS801,2.4,3.5,2.5,4.6,2.2,2.2,3.6,4.1,18.5,29.5
DS-2025-005,DS802,4.8,2.6,2.9,3.9,4.3,3.1,4.8,2.4,17.6,32.5
DS-2025-005,DS803,3.0,3.7,2.3,3.0,4.6,3.0,4.1,3.7,14.8,36.9
DS-2025-005,DS804,2.1,2.8,4.2,2.2,2.5,3.0,2.1,2.8,16.3,23.1
DS-2025-005,DS805,3.5,2.7,4.3,3.6,3.3,4.3,2.7,3.9,19.2,37.8
AI-2025-001,AI101,4.6,2.9,2.7,4.8,3.2,4.5,3.0,3.4,15.5,29.0
AI-2025-001,AI102,2.2,3.2,4.3,2.5,2.5,2.9,2.9,4.9,16.7,27.6
AI-2025-001,AI103,2.4,2.4,3.1,4.8,3.2,4.3,3.0,2.2,18.6,28.8
AI-2025-001,AI104,4.9,3.3,3.0,2.9,3.3,3.5,4.9,2.4,10.7,30.2
AI-2025-001,AI105,4.3,3.3,3.2,3.8,4.9,4.2,3.2,2.4,16.6,32.0
AI-2025-001,AI201,4.8,4.5,4.2,4.7,3.0,3.1,2.9,3.1,11.0,30.1
AI-2025-001,AI202,4.0,3.1,2.4,4.3,4.8,3.3,2.4,3.3,17.8,39.5
AI-2025-001,AI203,3.3,4.3,3.4,3.0,3.7,4.2,3.7,2.5,16.3,29.8
AI-2025-001,AI204,4.2,2.8,4.1,4.5,3.9,4.2,4.4,4.3,19.5,24.4
AI-2025-001,AI205,4.8,3.7,2.2,2.6,2.7,2.8,2.2,2.8,13.3,38.4
AI-2025-001,AI301,3.6,2.5,2.8,2.0,4.7,3.9,2.0,4.0,16.7,32.5
AI-2025-001,AI302,4.1,4.7,3.4,3.3,4.9,2.8,2.4,3.0,15.2,29.6
AI-2025-001,AI303,4.3,4.3,4.2,3.1,2.3,4.6,3.8,4.6,17.5,20.7
AI-2025-001,AI304,2.3,2.0,4.6,4.1,3.0,4.3,3.7,2.8,15.8,26.3
AI-2025-001,AI305,3.4,4.5,4.9,3.7,3.0,4.3,2.3,3.5,15.9,39.8
AI-2025-001,AI401,4.0,2.8,2.7,3.5,3.6,4.8,4.9,3.3,19.2,25.2
AI-2025-001,AI402,4.6,5.0,2.3,2.1,2.1,4.3,2.7,2.4,15.5,27.2
AI-2025-001,AI403,2.6,2.2,3.0,2.2,2.2,2.1,4.5,3.5,16.3,37.6
AI-2025-001,AI404,2.9,4.3,2.6,4.1,2.8,2.2,2.5,4.0,12.5,24.5
AI-2025-001,AI405,2.2,4.5,2.3,3.5,3.2,3.5,3.5,2.8,11.4,26.7
AI-2025-001,AI501,4.5,3.4,2.4,3.6,4.3,3.9,4.5,2.8,17.1,20.4
AI-2025-001,AI502,4.7,2.6,2.4,4.1,2.9,4.0,4.7,3.2,17.5,38.2
AI-2025-001,AI503,4.7,2.4,3.7,2.9,4.7,4.1,4.6,4.2,18.6,29.9
AI-2025-001,AI504,3.7,3.0,3.8,3.7,3.7,2.2,3.8,2.1,19.3,20.4
AI-2025-001,AI505,2.9,4.7,2.1,2.1,4.9,3.3,3.0,3.1,16.9,36.6
AI-2025-001,AI601,3.0,3.1,5.0,2.9,3.8,4.8,4.9,4.9,16.0,20.3
AI-2025-001,AI602,4.9,3.6,4.8,4.2,3.2,3.3,3.7,2.9,19.4,36.8
AI-2025-001,AI603,2.3,2.7,3.3,4.4,3.4,2.8,2.8,4.9,11.6,33.3
AI-2025-001,AI604,3.0,4.8,4.8,2.1,4.5,4.9,4.2,2.6,19.8,35.1
AI-2025-001,AI605,2.8,4.3,4.8,2.0,3.5,3.2,2.3,2.2,19.9,36.9
AI-2025-001,AI701,4.4,3.6,2.3,4.2,2.3,2.4,2.4,4.8,12.2,38.3
AI-2025-001,AI702,3.8,4.9,4.7,3.0,4.3,2.2,3.7,4.0,13.3,37.9
AI-2025-001,AI703,2.0,3.5,2.2,4.0,3.0,4.3,3.9,3.8,16.2,37.1
AI-2025-001,AI704,4.2,2.2,3.5,2.6,3.4,4.1,4.1,2.4,19.7,24.1
AI-2025-001,AI705,4.6,4.3,2.0,2.8,4.8,2.9,2.7,2.3,14.6,35.4
AI-2025-001,AI801,3.5,4.3,3.9,3.4,2.0,2.9,3.6,4.4,10.9,38.1
AI-2025-001,AI802,4.3,4.8,2.3,2.1,4.0,2.5,4.9,4.2,19.2,23.6
AI-2025-001,AI803,2.7,4.1,4.2,4.2,2.2,2.0,2.8,2.8,13.7,26.5
AI-2025-001,AI804,4.2,4.1,4.2,3.7,4.5,2.7,5.0,4.9,17.6,25.5
AI-2025-001,AI805,3.7,3.5,4.9,2.9,2.6,2.1,2.6,4.3,15.8,35.3
AI-2025-002,AI101,2.8,3.4,4.5,2.8,4.4,3.9,2.7,4.3,19.7,38.8
AI-2025-002,AI102,4.3,4.4,4.6,4.7,3.7,2.4,2.8,2.7,11.1,28.1
AI-2025-002,AI103,3.9,4.3,4.8,2.8,2.9,3.2,3.8,2.8,17.8,38.6
AI-2025-002,AI104,4.2,4.4,2.0,4.0,3.0,3.8,4.4,4.1,16.2,36.2
AI-2025-002,AI105,2.7,3.5,3.3,3.8,4.3,4.3,2.1,3.4,13.9,39.0
AI-2025-002,AI201,2.8,3.2,2.3,5.0,4.9,4.2,3.1,3.7,17.7,20.1
AI-2025-002,AI202,2.0,3.7,4.3,3.9,4.8,4.1,4.4,3.2,11.8,20.6
AI-2025-002,AI203,4.7,4.8,4.4,3.3,3.3,3.5,4.2,2.1,10.4,29.5
AI-2025-002,AI204,2.7,2.4,3.1,4.1,4.6,2.8,2.0,4.4,13.6,36.9
AI-2025-002,AI205,3.6,3.7,4.3,3.2,4.0,2.8,3.7,2.1,19.9,34.6
AI-2025-002,AI301,5.0,3.2,4.3,4.7,3.0,4.7,4.9,3.2,10.3,29.3
AI-2025-002,AI302,3.0,4.9,4.5,2.2,4.1,2.3,2.6,4.6,15.8,38.8
AI-2025-002,AI303,3.0,2.8,4.9,4.5,4.8,3.7,3.2,3.4,16.6,29.1
AI-2025-002,AI304,2.5,4.1,4.3,4.8,3.4,2.1,4.9,4.1,15.9,22.6
AI-2025-002,AI305,2.6,2.2,4.8,3.4,2.9,2.8,5.0,2.5,15.5,37.4
AI-2025-002,AI401,3.6,2.5,3.6,3.8,4.6,3.4,2.5,2.2,18.4,33.7
AI-2025-002,AI402,3.7,4.0,3.2,3.9,4.6,4.2,4.5,2.1,16.6,32.0
AI-2025-002,AI403,2.6,2.9,2.6,2.5,2.1,4.1,4.9,3.4,14.5,29.7
AI-2025-002,AI404,3.5,2.5,4.2,3.2,2.0,4.4,4.5,3.0,19.9,21.0
AI-2025-002,AI405,3.3,3.6,3.3,3.7,2.5,4.0,2.3,4.8,15.4,35.6
AI-2025-002,AI501,4.8,2.7,2.7,2.7,4.2,4.4,4.1,4.3,15.8,24.8
AI-2025-002,AI502,4.0,2.5,4.4,3.4,4.1,3.5,3.8,2.1,11.6,25.7
AI-2025-002,AI503,3.8,3.8,3.3,3.1,3.5,3.0,4.5,3.5,10.9,24.0
AI-2025-002,AI504,2.9,4.3,4.4,2.2,4.0,4.9,3.4,4.2,12.7,32.3
AI-2025-002,AI505,2.2,3.6,4.4,2.4,2.1,5.0,4.8,4.3,18.9,25.0
AI-2025-002,AI601,4.1,4.7,2.2,3.9,4.1,3.9,4.7,4.1,12.9,38.0
AI-2025-002,AI602,2.9,2.2,4.3,3.1,3.2,2.7,3.3,2.8,19.3,20.3
AI-2025-002,AI603,2.4,4.1,2.3,4.2,2.1,3.1,3.0,3.0,12.5,25.1
AI-2025-002,AI604,4.1,3.3,4.8,4.1,3.4,2.3,2.0,3.9,14.4,29.2
AI-2025-002,AI605,3.6,2.2,2.5,4.1,3.6,2.7,4.0,4.9,16.7,22.0
AI-2025-002,AI701,3.5,4.2,4.1,3.8,2.6,2.4,2.2,4.2,17.7,27.2
AI-2025-002,AI702,4.8,2.9,4.1,3.2,2.4,4.3,3.5,2.0,13.6,20.2
AI-2025-002,AI703,3.9,2.2,2.3,4.5,4.0,4.2,3.0,4.8,13.0,29.7
AI-2025-002,AI704,2.0,2.9,3.3,4.9,3.7,3.5,4.9,2.4,15.8,30.0
AI-2025-002,AI705,3.5,2.3,3.9,3.4,4.9,4.9,2.6,3.2,18.3,28.0
AI-2025-002,AI801,3.4,3.0,2.3,4.9,2.5,3.4,3.4,4.1,15.9,39.0
AI-2025-002,AI802,2.3,3.7,4.4,2.1,2.9,2.7,2.5,2.4,16.1,28.3
AI-2025-002,AI803,3.4,4.8,3.8,2.2,3.2,4.2,2.5,4.0,16.5,39.5
AI-2025-002,AI804,2.2,2.7,3.7,4.5,3.2,3.8,4.7,4.7,18.5,36.1
AI-2025-002,AI805,4.9,4.3,3.6,5.0,4.2,4.9,2.7,2.5,17.5,23.7
AI-2025-003,AI101,3.3,2.6,4.1,3.5,4.4,3.6,3.9,4.8,19.5,26.8
AI-2025-003,AI102,2.1,4.0,5.0,2.8,4.0,4.9,4.5,2.6,11.1,36.8
AI-2025-003,AI103,4.0,4.8,3.6,2.3,3.4,4.9,2.9,4.4,13.6,31.6
AI-2025-003,AI104,3.8,4.7,3.4,2.6,4.7,3.4,3.5,3.3,11.4,30.9
AI-2025-003,AI105,3.1,5.0,4.7,4.1,4.2,3.5,2.8,2.2,17.9,37.4
AI-2025-003,AI201,4.1,4.4,2.8,4.6,2.9,3.2,3.2,3.3,14.3,39.2
AI-2025-003,AI202,4.3,3.4,3.9,4.7,3.1,3.0,3.5,3.3,15.0,22.4
AI-2025-003,AI203,3.1,3.5,3.4,2.9,2.2,2.1,4.1,4.7,12.3,31.0
AI-2025-003,AI204,4.8,3.8,4.4,2.5,2.6,2.2,2.4,2.2,14.6,32.7
AI-2025-003,AI205,2.2,4.3,4.2,2.1,3.2,5.0,2.5,4.1,10.8,39.4
AI-2025-003,AI301,3.0,4.0,3.1,3.2,2.9,3.3,3.5,4.0,12.9,29.0
AI-2025-003,AI302,4.4,5.0,5.0,2.5,4.9,3.6,2.8,2.4,12.8,39.8
AI-2025-003,AI303,4.7,2.5,2.4,2.9,2.4,2.1,2.5,3.9,11.7,30.6
AI-2025-003,AI304,4.7,3.3,4.5,3.3,2.2,4.4,4.0,2.0,10.3,32.9
AI-2025-003,AI305,4.6,4.0,3.2,2.4,2.4,2.7,3.3,2.9,15.1,33.2
AI-2025-003,AI401,4.6,2.5,3.1,4.0,2.7,4.9,4.4,3.3,14.6,23.0
AI-2025-003,AI402,4.1,3.5,2.7,2.6,4.9,2.6,2.0,3.8,14.4,39.8
AI-2025-003,AI403,4.4,4.1,4.9,4.6,2.7,4.9,4.4,2.2,14.9,22.9
AI-2025-003,AI404,3.2,2.1,2.8,2.9,3.2,2.2,2.2,3.3,12.8,27.8
AI-2025-003,AI405,2.2,4.7,3.3,4.9,2.6,3.8,3.2,3.7,13.4,31.3
AI-2025-003,AI501,4.1,3.1,4.6,4.5,2.9,2.9,4.2,3.0,16.7,38.1
AI-2025-003,AI502,4.0,2.0,4.3,3.7,2.9,3.8,2.2,2.4,15.6,36.7
AI-2025-003,AI503,4.3,4.1,3.9,2.4,4.4,2.7,3.9,3.1,10.0,32.4
AI-2025-003,AI504,2.2,4.2,4.9,4.0,4.5,2.3,3.3,2.5,18.9,23.4
AI-2025-003,AI505,3.9,3.7,4.8,2.5,4.6,3.0,3.2,2.8,15.7,30.3
AI-2025-003,AI601,3.0,2.2,4.2,4.9,3.4,2.1,3.3,3.0,12.4,35.2
AI-2025-003,AI602,2.7,3.9,4.5,2.9,4.5,4.9,2.7,4.0,12.1,33.9
AI-2025-003,AI603,2.7,2.2,2.9,2.7,4.5,4.6,3.3,2.4,15.7,29.4
AI-2025-003,AI604,2.1,2.0,2.9,3.3,4.9,5.0,3.7,3.8,17.6,33.0
AI-2025-003,AI605,2.3,2.1,3.0,2.2,4.7,2.8,3.7,4.7,19.0,30.0
AI-2025-003,AI701,2.2,2.4,4.5,4.2,2.7,2.6,3.3,2.3,15.2,21.8
AI-2025-003,AI702,2.4,2.7,4.5,3.8,3.1,2.2,4.1,2.8,16.3,39.2
AI-2025-003,AI703,2.2,2.6,2.5,2.9,4.7,2.2,4.7,3.5,18.1,29.2
AI-2025-003,AI704,3.3,3.9,4.5,2.7,4.5,2.9,3.7,2.2,13.7,31.8
AI-2025-003,AI705,3.9,2.4,5.0,3.5,3.8,4.3,3.8,3.8,13.4,33.4
AI-2025-003,AI801,4.1,2.6,3.3,3.1,3.2,3.4,3.1,3.2,11.0,25.6
AI-2025-003,AI802,4.1,2.9,4.7,3.8,4.7,2.3,4.2,3.8,18.5,28.0
AI-2025-003,AI803,4.5,4.9,3.3,4.8,3.5,4.1,3.1,3.8,17.8,22.1
AI-2025-003,AI804,2.6,3.7,5.0,4.0,4.3,2.2,3.3,2.7,11.2,22.0
AI-2025-003,AI805,4.9,4.7,3.0,4.5,4.1,2.2,3.6,3.3,14.0,31.2
AI-2025-004,AI101,4.1,2.4,4.8,3.1,4.7,3.3,2.3,3.1,18.5,28.0
AI-2025-004,AI102,2.8,3.0,3.4,4.4,3.2,4.7,3.3,4.2,15.5,29.8
AI-2025-004,AI103,4.2,3.3,2.8,4.7,4.7,2.6,2.1,3.9,14.3,23.9
AI-2025-004,AI104,3.2,2.7,2.8,4.0,4.4,2.1,4.0,4.7,12.0,27.3
AI-2025-004,AI105,4.7,3.5,2.3,2.7,3.5,4.7,3.8,4.3,17.8,39.3
AI-2025-004,AI201,4.4,4.2,2.5,4.5,4.0,3.7,2.3,2.5,10.5,32.1
AI-2025-004,AI202,3.5,3.6,3.5,2.1,3.9,3.4,2.0,3.0,15.9,29.7
AI-2025-004,AI203,2.4,3.0,2.0,4.0,4.5,2.3,4.6,4.6,12.5,25.6
AI-2025-004,AI204,2.3,4.2,2.9,3.7,2.7,4.1,2.0,3.4,12.2,36.1
AI-2025-004,AI205,4.3,3.7,4.0,2.6,2.2,3.5,2.8,4.9,10.8,33.5
AI-2025-004,AI301,3.8,4.9,2.0,2.2,3.7,3.1,3.3,4.7,16.2,37.2
AI-2025-004,AI302,4.2,2.1,3.5,4.6,3.6,3.4,4.0,2.0,11.0,37.3
AI-2025-004,AI303,3.7,4.1,3.6,4.3,4.8,2.5,5.0,3.6,17.2,28.3
AI-2025-004,AI304,2.9,2.4,4.9,2.6,3.4,3.2,2.7,4.8,11.5,31.8
AI-2025-004,AI305,3.5,3.2,3.9,3.2,3.4,4.1,3.9,4.7,10.3,22.2
AI-2025-004,AI401,4.9,2.2,4.6,2.1,4.3,4.4,2.1,2.1,16.3,29.6
AI-2025-004,AI402,2.1,3.8,2.1,4.0,5.0,3.3,2.2,4.5,10.8,24.2
AI-2025-004,AI403,3.5,3.6,5.0,4.6,3.4,2.8,2.2,3.7,10.5,26.5
AI-2025-004,AI404,4.7,2.4,4.8,2.6,2.8,2.3,4.4,4.3,15.0,26.6
AI-2025-004,AI405,2.0,4.5,4.0,4.3,3.9,3.9,2.3,2.5,15.0,29.1
AI-2025-004,AI501,2.8,4.2,3.4,2.5,4.6,4.2,5.0,3.1,15.6,31.2
AI-2025-004,AI502,3.1,4.4,3.4,3.9,3.6,2.4,4.9,3.9,18.6,39.9
AI-2025-004,AI503,3.3,4.5,3.9,4.2,2.4,3.6,4.1,3.6,12.8,31.5
AI-2025-004,AI504,4.5,2.2,4.2,3.1,3.8,4.1,4.5,2.0,19.6,23.6
AI-2025-004,AI505,2.1,3.0,2.8,3.8,2.8,4.2,2.3,2.1,10.8,39.8
AI-2025-004,AI601,3.6,2.6,3.7,2.3,2.7,2.4,2.1,3.3,12.6,23.1
AI-2025-004,AI602,4.1,2.7,4.5,3.8,4.7,2.5,3.3,3.3,12.2,29.6
AI-2025-004,AI603,3.0,3.4,3.3,4.2,2.4,2.4,4.9,4.1,18.2,30.2
AI-2025-004,AI604,2.9,3.2,4.0,4.2,4.2,4.3,4.9,2.1,13.9,37.5
AI-2025-004,AI605,3.8,2.9,3.3,3.9,2.1,2.6,2.5,4.7,18.9,30.0
AI-2025-004,AI701,4.7,4.6,2.8,3.3,3.2,4.7,2.9,3.4,16.4,21.7
AI-2025-004,AI702,3.0,4.6,4.2,2.3,2.3,3.7,2.7,4.7,14.2,37.3
AI-2025-004,AI703,3.2,4.7,2.7,2.8,3.8,3.6,3.0,2.5,13.1,33.1
AI-2025-004,AI704,3.8,3.8,3.8,2.4,2.5,4.2,3.4,4.7,14.1,33.1
AI-2025-004,AI705,3.1,2.3,2.2,4.9,2.2,2.0,3.8,3.4,13.5,34.0
AI-2025-004,AI801,3.7,4.2,2.4,4.6,4.0,2.6,4.9,4.1,19.1,28.8
AI-2025-004,AI802,2.1,3.1,3.6,4.9,4.7,2.3,3.2,2.4,10.2,26.1
AI-2025-004,AI803,4.8,3.1,4.5,4.9,2.8,2.7,3.6,3.1,13.1,29.9
AI-2025-004,AI804,5.0,4.2,4.6,4.0,3.4,4.8,3.8,4.7,11.2,25.3
AI-2025-004,AI805,2.6,2.9,2.4,4.6,4.0,5.0,2.9,3.0,12.5,30.6
AI-2025-005,AI101,4.8,5.0,4.4,2.1,2.1,3.3,4.2,4.3,15.9,34.3
AI-2025-005,AI102,4.1,2.3,2.8,4.8,3.5,4.1,3.1,2.7,10.4,39.7
AI-2025-005,AI103,4.1,4.4,2.9,4.2,3.5,4.0,2.4,2.7,15.0,33.9
AI-2025-005,AI104,2.6,4.9,3.1,3.8,2.4,4.1,3.9,3.6,20.0,28.0
AI-2025-005,AI105,4.5,2.1,4.7,3.5,3.2,4.5,2.2,2.3,19.0,31.6
AI-2025-005,AI201,3.3,4.0,5.0,4.2,4.3,4.4,4.2,2.5,19.9,32.2
AI-2025-005,AI202,4.5,2.5,4.8,4.8,3.6,3.5,4.5,2.0,12.0,23.0
AI-2025-005,AI203,3.3,2.7,4.2,3.6,4.1,4.0,2.5,4.6,11.1,35.3
AI-2025-005,AI204,4.7,2.6,2.2,2.4,3.7,5.0,3.0,3.3,18.0,21.5
AI-2025-005,AI205,2.7,2.8,3.1,5.0,3.3,4.6,2.4,4.7,16.0,24.6
AI-2025-005,AI301,3.9,4.4,4.6,3.1,5.0,4.0,4.3,2.1,15.7,22.5
AI-2025-005,AI302,2.2,3.1,3.5,3.8,4.0,2.8,4.9,3.1,16.1,30.5
AI-2025-005,AI303,2.6,3.3,2.8,4.9,3.9,4.5,4.2,4.5,15.4,23.7
AI-2025-005,AI304,2.5,3.7,2.2,2.8,2.3,2.3,3.8,3.8,12.9,31.5
AI-2025-005,AI305,3.2,2.0,3.9,3.9,2.1,4.6,4.0,3.3,19.0,37.2
AI-2025-005,AI401,2.8,4.1,2.1,4.1,4.4,4.6,4.0,4.8,11.0,21.9
AI-2025-005,AI402,4.4,3.9,3.0,3.2,3.7,2.7,3.2,2.2,12.4,37.2
AI-2025-005,AI403,3.5,2.7,2.6,3.3,2.3,2.8,3.2,3.0,19.1,32.7
AI-2025-005,AI404,4.1,3.8,2.4,2.4,3.6,2.8,4.7,3.1,10.3,28.0
AI-2025-005,AI405,2.3,4.2,4.0,4.7,2.2,4.2,2.4,3.8,13.1,29.4
AI-2025-005,AI501,3.4,4.1,2.2,2.5,2.4,4.1,2.3,4.6,13.4,33.8
AI-2025-005,AI502,2.9,2.2,3.3,3.4,2.6,4.4,3.3,3.0,16.0,20.3
AI-2025-005,AI503,4.4,3.1,2.0,3.1,3.7,2.5,3.1,2.2,16.5,30.1
AI-2025-005,AI504,2.6,3.8,4.4,4.1,3.7,4.9,2.7,3.9,15.4,32.9
AI-2025-005,AI505,4.8,3.7,3.0,2.2,4.7,4.7,4.7,3.9,18.7,20.8
AI-2025-005,AI601,4.0,3.1,3.6,4.1,2.7,4.2,2.8,2.1,12.5,38.6
AI-2025-005,AI602,4.7,4.1,3.2,2.4,4.0,2.3,4.5,2.6,15.8,25.9
AI-2025-005,AI603,3.8,3.0,4.7,3.4,3.0,4.3,3.3,3.6,10.9,24.3
AI-2025-005,AI604,2.5,4.0,3.7,3.7,5.0,4.5,4.7,4.6,10.0,33.8
AI-2025-005,AI605,4.6,2.9,3.9,3.9,3.2,2.9,2.3,3.7,18.7,32.0
AI-2025-005,AI701,4.8,4.4,3.5,4.1,5.0,2.0,2.4,2.7,15.7,31.7
AI-2025-005,AI702,4.5,2.1,4.3,2.7,3.5,4.3,2.6,4.8,15.4,21.8
AI-2025-005,AI703,3.9,2.7,4.4,2.1,4.9,4.5,2.2,2.5,11.7,29.4
AI-2025-005,AI704,2.3,5.0,4.5,3.4,4.7,4.3,3.5,4.0,12.0,30.4
AI-2025-005,AI705,4.2,2.9,3.5,4.3,4.0,4.7,3.1,3.7,19.8,30.1
AI-2025-005,AI801,2.5,3.3,4.5,4.6,4.4,2.7,3.5,3.4,18.9,21.1
AI-2025-005,AI802,4.9,2.6,3.6,4.9,3.2,2.6,4.9,4.5,18.1,31.2
AI-2025-005,AI803,3.9,2.4,4.5,3.4,2.4,3.8,3.7,2.9,15.7,39.3
AI-2025-005,AI804,2.1,3.5,3.1,4.0,4.7,4.7,2.3,3.2,19.5,27.6
AI-2025-005,AI805,4.5,4.1,3.6,4.5,4.6,4.9,2.2,3.0,11.2,30.7
IOT-2025-001,IOT101,3.1,2.4,4.8,3.1,4.1,3.0,2.2,2.3,13.0,21.1
IOT-2025-001,IOT102,2.6,2.1,4.4,4.1,2.7,4.8,2.1,2.7,15.1,36.0
IOT-2025-001,IOT103,4.6,4.9,4.2,3.2,4.8,3.0,3.8,2.1,15.7,23.4
IOT-2025-001,IOT104,2.5,3.2,3.4,3.8,4.8,3.0,3.0,3.6,18.0,26.8
IOT-2025-001,IOT105,3.9,4.3,4.3,2.7,3.2,3.6,4.3,3.8,14.6,37.6
IOT-2025-001,IOT201,2.6,4.0,4.7,3.9,3.1,3.2,3.7,4.4,13.8,20.9
IOT-2025-001,IOT202,5.0,5.0,4.9,4.5,3.4,3.3,2.5,3.0,11.3,37.3
IOT-2025-001,IOT203,3.3,2.2,2.6,4.0,3.5,2.6,2.7,4.9,17.5,20.2
IOT-2025-001,IOT204,4.5,2.7,2.6,2.9,2.4,3.8,4.7,3.8,11.5,25.9
IOT-2025-001,IOT205,4.1,3.0,2.3,2.1,2.6,2.9,4.2,4.0,11.7,20.4
IOT-2025-001,IOT301,4.1,4.0,4.9,2.4,4.2,4.0,3.8,3.9,12.6,33.7
IOT-2025-001,IOT302,4.2,2.5,4.0,4.6,3.8,2.4,3.0,4.7,15.7,27.4
IOT-2025-001,IOT303,3.7,2.3,2.1,4.2,4.9,3.3,2.5,3.2,16.5,32.3
IOT-2025-001,IOT304,3.1,4.2,4.5,2.5,4.3,4.3,2.6,4.3,18.0,33.8
IOT-2025-001,IOT305,4.9,3.6,3.1,2.2,3.1,3.8,4.3,3.0,18.1,29.1
IOT-2025-001,IOT401,3.6,4.9,3.3,3.7,2.1,2.4,3.5,2.7,14.5,38.1
IOT-2025-001,IOT402,2.2,3.2,3.5,2.8,4.0,2.2,2.8,4.0,16.0,38.8
IOT-2025-001,IOT403,3.6,4.7,4.5,4.6,2.1,3.0,4.5,2.5,13.0,21.1
IOT-2025-001,IOT404,3.2,3.0,3.3,2.8,2.5,2.6,3.0,2.0,12.0,30.2
IOT-2025-001,IOT405,3.3,4.1,3.0,3.1,2.1,2.4,3.4,3.9,14.6,39.3
IOT-2025-001,IOT501,2.7,3.5,4.6,3.8,3.0,3.4,4.7,3.9,15.9,27.8
IOT-2025-001,IOT502,3.5,3.3,3.6,3.4,4.7,2.3,3.2,3.1,13.6,30.4
IOT-2025-001,IOT503,2.6,4.5,3.5,4.7,2.6,3.6,4.4,4.0,16.5,35.5
IOT-2025-001,IOT504,3.6,3.8,3.8,3.7,2.4,4.7,3.3,4.6,15.2,27.4
IOT-2025-001,IOT505,2.9,2.0,4.2,2.7,3.9,4.6,4.3,3.8,17.5,22.6
IOT-2025-001,IOT601,3.6,4.5,2.3,3.0,4.6,4.1,3.2,4.5,17.5,30.0
IOT-2025-001,IOT602,4.0,3.9,4.0,3.9,3.6,2.9,2.4,3.3,18.3,30.2
IOT-2025-001,IOT603,3.1,2.0,4.7,3.0,4.0,4.3,4.9,2.4,18.5,21.7
IOT-2025-001,IOT604,4.7,3.3,3.4,3.4,4.8,4.2,2.7,3.1,10.6,33.5
IOT-2025-001,IOT605,2.5,4.7,5.0,4.7,2.1,3.2,4.0,3.4,15.2,21.7
IOT-2025-001,IOT701,2.5,2.4,4.5,4.7,2.4,2.7,4.6,4.0,16.4,35.8
IOT-2025-001,IOT702,3.6,4.7,2.5,2.7,4.5,2.8,4.3,4.7,18.0,33.7
IOT-2025-001,IOT703,4.3,3.1,2.8,4.0,3.8,2.9,4.4,3.2,18.2,34.3
IOT-2025-001,IOT704,4.6,4.9,2.3,2.3,4.3,3.6,4.2,3.1,16.7,35.6
IOT-2025-001,IOT705,4.9,4.3,4.0,4.9,4.7,5.0,4.6,4.2,10.6,28.7
IOT-2025-001,IOT801,3.4,4.9,3.9,2.6,3.5,4.6,4.9,3.8,11.4,31.9
IOT-2025-001,IOT802,4.2,3.3,4.6,4.2,3.8,3.0,3.9,3.8,17.9,21.1
IOT-2025-001,IOT803,4.1,4.7,2.3,2.6,2.7,2.5,4.2,3.9,14.3,38.4
IOT-2025-001,IOT804,3.7,4.5,2.5,2.2,2.4,4.0,4.7,5.0,10.6,21.5
IOT-2025-001,IOT805,4.2,2.8,2.2,3.2,2.5,3.4,3.7,4.2,12.7,20.3
IOT-2025-002,IOT101,3.3,3.8,4.6,2.0,2.4,4.7,2.4,4.4,19.6,38.9
IOT-2025-002,IOT102,3.8,2.9,3.0,3.7,3.0,3.3,3.8,3.1,11.4,24.2
IOT-2025-002,IOT103,3.4,2.9,3.1,3.3,2.4,2.3,2.8,3.2,17.6,26.8
IOT-2025-002,IOT104,3.6,4.0,4.3,2.3,3.0,3.9,4.4,2.3,12.8,20.1
IOT-2025-002,IOT105,3.6,4.9,4.0,4.8,2.8,3.2,5.0,4.6,13.3,33.9
IOT-2025-002,IOT201,3.9,4.3,4.7,5.0,3.8,4.1,3.3,2.5,16.1,39.3
IOT-2025-002,IOT202,3.6,3.7,3.4,3.0,3.6,3.1,4.3,4.3,13.9,24.6
IOT-2025-002,IOT203,4.0,2.0,4.6,3.0,3.8,4.6,2.1,4.6,17.6,32.8
IOT-2025-002,IOT204,4.9,4.7,2.5,2.6,3.9,4.5,3.2,5.0,19.1,37.0
IOT-2025-002,IOT205,3.5,2.3,2.7,2.8,3.8,4.5,4.0,4.0,17.6,34.9
IOT-2025-002,IOT301,3.2,4.9,3.7,4.6,4.2,3.9,2.6,2.5,18.2,20.4
IOT-2025-002,IOT302,4.4,4.0,3.4,2.5,2.8,4.0,3.3,3.2,10.7,26.9
IOT-2025-002,IOT303,2.6,4.9,4.1,3.4,4.0,4.3,2.5,2.6,13.6,33.2
IOT-2025-002,IOT304,4.9,2.0,3.5,2.7,3.5,4.0,2.9,3.4,16.4,33.4
IOT-2025-002,IOT305,4.2,4.6,4.3,2.9,4.2,2.0,2.5,2.5,15.8,38.5
IOT-2025-002,IOT401,4.5,2.3,3.7,2.4,4.9,2.0,2.1,4.9,12.1,36.0
IOT-2025-002,IOT402,4.5,3.7,4.5,4.1,2.9,3.6,4.0,3.0,10.4,28.7
IOT-2025-002,IOT403,4.2,2.8,3.8,3.1,3.4,3.4,2.6,2.7,15.6,38.7
IOT-2025-002,IOT404,4.2,3.0,2.2,3.1,3.1,2.5,4.8,4.6,18.0,29.4
IOT-2025-002,IOT405,3.8,2.4,2.3,4.5,2.4,2.3,2.8,4.5,19.3,23.3
IOT-2025-002,IOT501,4.5,2.2,4.1,3.8,3.8,3.2,2.3,2.6,17.1,25.3
IOT-2025-002,IOT502,3.5,3.0,4.8,2.7,3.4,4.8,2.7,2.8,17.3,28.6
IOT-2025-002,IOT503,3.2,4.0,2.1,2.7,2.1,2.5,2.4,4.6,10.9,38.0
IOT-2025-002,IOT504,4.5,4.0,4.2,2.6,2.8,2.3,2.3,2.2,13.3,30.3
IOT-2025-002,IOT505,3.6,3.4,3.9,2.9,2.2,2.4,4.1,3.1,19.6,38.2
IOT-2025-002,IOT601,4.2,4.0,3.1,3.1,2.0,3.2,2.5,2.4,11.8,30.0
IOT-2025-002,IOT602,3.1,4.0,3.9,2.8,2.4,2.8,3.3,2.5,10.5,36.7
IOT-2025-002,IOT603,2.5,2.9,3.2,4.5,3.4,4.0,3.8,2.7,15.4,37.1
IOT-2025-002,IOT604,4.0,3.7,4.0,3.6,2.8,3.4,2.1,2.3,10.1,34.9
IOT-2025-002,IOT605,2.8,4.3,3.6,3.5,2.5,3.0,2.3,4.0,12.7,22.1
IOT-2025-002,IOT701,4.7,3.9,2.0,4.3,3.6,3.3,3.3,4.9,15.2,22.0
IOT-2025-002,IOT702,2.3,4.2,3.9,3.9,3.4,2.5,4.0,2.8,16.8,29.9
IOT-2025-002,IOT703,4.9,3.5,2.3,4.0,3.6,3.3,4.9,3.5,17.4,21.3
IOT-2025-002,IOT704,3.5,4.7,4.2,4.5,3.9,3.6,2.5,3.0,13.2,26.5
IOT-2025-002,IOT705,2.2,3.2,3.6,2.5,4.0,2.8,3.0,3.4,19.5,22.2
IOT-2025-002,IOT801,5.0,3.8,4.0,3.9,4.7,3.3,4.0,3.2,18.9,37.0
IOT-2025-002,IOT802,3.9,4.4,3.2,3.3,4.3,2.7,4.0,2.2,15.0,23.4
IOT-2025-002,IOT803,2.2,2.5,5.0,4.8,4.9,2.6,5.0,3.5,14.0,38.6
IOT-2025-002,IOT804,2.9,3.1,4.8,2.9,2.7,4.8,4.5,4.3,15.9,22.5
IOT-2025-002,IOT805,2.2,3.8,3.2,4.9,3.7,2.9,3.3,4.5,17.5,30.1
IOT-2025-003,IOT101,2.3,5.0,4.2,4.4,3.1,3.4,3.5,3.7,17.7,26.4
IOT-2025-003,IOT102,2.9,4.6,3.9,3.3,3.9,3.6,4.3,4.4,13.0,37.3
IOT-2025-003,IOT103,2.7,4.7,4.1,3.0,3.2,3.6,3.8,2.7,18.5,38.3
IOT-2025-003,IOT104,4.3,3.6,2.9,3.7,2.5,3.9,2.3,3.0,15.6,39.8
IOT-2025-003,IOT105,4.4,4.0,4.8,4.9,4.1,3.4,3.5,5.0,14.6,35.3
IOT-2025-003,IOT201,2.4,4.2,2.1,2.2,3.9,3.5,3.5,4.4,18.7,23.2
IOT-2025-003,IOT202,2.4,3.9,2.7,3.0,3.8,3.2,2.8,3.6,11.4,24.1
IOT-2025-003,IOT203,2.2,2.4,2.4,3.4,4.7,3.9,2.7,3.2,10.9,28.1
IOT-2025-003,IOT204,2.6,3.3,3.7,2.6,2.3,2.1,4.1,2.3,10.6,31.5
IOT-2025-003,IOT205,3.1,3.9,2.3,2.4,3.4,3.8,3.1,2.1,13.0,27.1
IOT-2025-003,IOT301,3.2,4.8,4.3,3.0,4.1,2.6,3.1,5.0,12.0,33.6
IOT-2025-003,IOT302,2.4,4.5,4.2,4.2,4.7,4.5,4.6,3.3,18.0,26.4
IOT-2025-003,IOT303,4.3,4.4,4.0,3.5,2.6,3.7,3.7,3.3,14.5,39.2
IOT-2025-003,IOT304,4.1,2.4,2.3,3.5,2.9,2.5,4.7,2.8,10.8,26.9
IOT-2025-003,IOT305,2.8,2.9,2.8,2.7,3.9,2.4,2.8,2.3,14.2,26.7
IOT-2025-003,IOT401,4.5,4.6,3.7,2.2,5.0,3.3,2.1,3.8,14.4,22.2
IOT-2025-003,IOT402,3.5,4.5,3.0,4.8,2.1,2.1,5.0,2.8,13.7,35.1
IOT-2025-003,IOT403,2.5,3.0,4.5,2.3,2.7,4.3,2.3,3.7,12.1,33.7
IOT-2025-003,IOT404,4.9,4.4,2.5,3.0,4.9,5.0,3.2,3.0,15.7,30.7
IOT-2025-003,IOT405,4.1,4.5,3.9,2.5,5.0,3.7,3.5,4.3,11.8,35.5
IOT-2025-003,IOT501,3.1,3.5,2.4,2.5,4.6,4.0,3.0,2.8,11.1,30.1
IOT-2025-003,IOT502,2.6,2.8,2.1,2.1,2.5,4.6,2.4,2.7,17.9,39.0
IOT-2025-003,IOT503,4.8,2.1,3.9,3.8,3.3,2.8,3.4,3.2,15.1,26.1
IOT-2025-003,IOT504,4.1,2.2,3.6,2.1,2.4,3.4,5.0,2.3,17.5,36.3
IOT-2025-003,IOT505,3.0,2.2,3.3,2.1,4.9,2.1,3.9,3.1,10.0,31.7
IOT-2025-003,IOT601,3.9,3.9,3.2,3.4,4.6,2.5,2.5,3.5,13.4,24.9
IOT-2025-003,IOT602,2.8,2.3,4.7,3.6,3.2,3.6,2.7,3.6,17.8,30.6
IOT-2025-003,IOT603,3.4,4.9,3.4,2.2,3.5,4.8,3.5,3.2,16.7,24.6
IOT-2025-003,IOT604,3.3,2.2,3.7,3.7,3.7,2.9,4.9,3.4,19.7,20.3
IOT-2025-003,IOT605,4.0,4.5,4.3,3.8,2.0,3.2,3.3,2.7,15.7,27.7
IOT-2025-003,IOT701,2.2,3.6,3.9,3.8,3.8,3.2,4.6,3.4,12.8,21.2
IOT-2025-003,IOT702,3.2,2.5,2.5,2.6,4.2,2.4,4.8,3.5,19.4,21.8
IOT-2025-003,IOT703,3.0,3.4,2.1,4.9,3.7,4.0,2.1,3.9,17.0,31.9
IOT-2025-003,IOT704,3.3,2.9,3.8,4.2,3.5,3.3,3.9,2.1,17.2,20.8
IOT-2025-003,IOT705,2.9,3.0,4.8,3.8,4.4,4.5,3.4,2.1,18.2,22.8
IOT-2025-003,IOT801,3.2,2.4,3.2,2.8,4.1,2.6,2.4,3.0,18.5,20.1
IOT-2025-003,IOT802,2.2,2.1,4.3,5.0,2.9,3.0,4.9,4.7,18.0,29.0
IOT-2025-003,IOT803,2.1,4.1,2.5,4.6,3.4,4.2,3.4,2.6,16.1,33.6
IOT-2025-003,IOT804,3.2,4.8,3.2,2.3,4.7,3.9,2.5,2.6,17.3,29.8
IOT-2025-003,IOT805,2.1,2.8,2.7,2.6,2.5,4.9,3.2,3.2,11.4,37.9
IOT-2025-004,IOT101,2.9,4.9,4.6,2.3,2.7,3.9,4.3,3.9,13.8,27.6
IOT-2025-004,IOT102,2.8,3.9,3.6,3.7,3.7,3.6,4.8,4.4,12.2,23.2
IOT-2025-004,IOT103,2.6,4.3,4.9,4.1,3.6,4.0,2.1,3.3,13.2,25.7
IOT-2025-004,IOT104,2.4,2.0,4.9,3.3,2.5,3.7,3.7,3.5,11.3,37.7
IOT-2025-004,IOT105,2.8,3.7,4.7,3.7,5.0,2.8,2.5,3.3,15.9,30.2
IOT-2025-004,IOT201,4.1,2.6,4.5,2.9,5.0,5.0,4.1,2.2,17.7,32.1
IOT-2025-004,IOT202,2.8,2.8,3.7,3.3,4.7,2.3,2.3,4.7,18.7,23.7
IOT-2025-004,IOT203,4.0,2.3,4.1,4.7,4.5,2.7,2.5,4.1,13.9,35.0
IOT-2025-004,IOT204,4.7,2.5,3.3,3.9,4.7,3.4,4.8,4.0,13.5,30.9
IOT-2025-004,IOT205,4.6,4.0,3.6,4.4,2.5,2.3,3.4,2.0,10.4,34.7
IOT-2025-004,IOT301,3.5,3.8,4.7,3.8,3.5,4.1,4.3,2.2,12.8,30.9
IOT-2025-004,IOT302,3.2,2.5,2.1,3.6,3.7,2.4,4.5,2.4,12.0,38.4
IOT-2025-004,IOT303,4.0,3.8,3.7,2.8,3.4,3.5,3.4,3.6,15.1,39.0
IOT-2025-004,IOT304,4.2,3.3,3.3,4.7,3.6,4.3,4.8,3.0,16.6,27.2
IOT-2025-004,IOT305,4.7,3.2,2.6,4.6,4.5,3.7,2.9,3.2,18.5,27.6
IOT-2025-004,IOT401,2.4,2.1,4.9,3.6,3.4,4.3,3.9,4.4,16.9,28.4
IOT-2025-004,IOT402,2.1,2.3,2.9,3.1,3.6,4.3,3.1,4.7,14.1,22.1
IOT-2025-004,IOT403,3.4,3.2,2.3,3.5,4.0,4.7,4.4,3.2,13.8,30.8
IOT-2025-004,IOT404,2.5,4.3,4.0,4.6,4.1,3.3,4.5,4.1,13.5,27.8
IOT-2025-004,IOT405,4.5,4.5,2.5,3.4,4.7,2.6,4.8,3.5,12.5,38.0
IOT-2025-004,IOT501,2.3,4.9,4.4,3.6,4.9,2.1,4.8,3.9,10.4,27.7
IOT-2025-004,IOT502,4.8,2.8,3.7,4.1,3.1,3.6,4.1,3.0,16.3,39.5
IOT-2025-004,IOT503,2.8,4.8,3.4,3.4,3.1,4.0,3.0,4.4,18.2,39.2
IOT-2025-004,IOT504,4.7,3.2,4.5,4.7,3.7,4.7,2.7,2.0,14.1,30.6
IOT-2025-004,IOT505,2.1,3.2,3.7,5.0,3.3,2.9,2.3,2.6,15.4,38.9
IOT-2025-004,IOT601,2.8,4.2,2.8,3.2,3.3,3.3,3.5,3.1,17.7,38.4
IOT-2025-004,IOT602,3.5,4.1,3.0,4.4,4.2,4.4,2.5,2.6,18.1,25.3
IOT-2025-004,IOT603,4.8,2.9,3.0,3.3,3.7,4.1,3.8,4.0,15.2,27.2
IOT-2025-004,IOT604,2.2,3.2,2.1,2.6,3.6,2.6,2.4,4.8,11.7,21.6
IOT-2025-004,IOT605,3.1,4.1,3.7,3.5,4.8,3.8,4.6,4.5,16.7,35.7
IOT-2025-004,IOT701,3.2,4.3,3.0,4.4,2.5,4.0,2.5,4.0,19.4,22.8
IOT-2025-004,IOT702,4.7,3.2,2.9,3.7,2.1,4.2,3.1,4.6,16.1,30.6
IOT-2025-004,IOT703,2.2,2.4,2.8,4.8,3.8,2.6,2.5,4.0,13.0,20.9
IOT-2025-004,IOT704,3.0,2.7,3.1,4.8,4.1,4.6,3.3,2.5,11.7,22.3
IOT-2025-004,IOT705,5.0,3.6,3.0,2.3,2.8,2.1,2.1,2.8,18.2,21.6
IOT-2025-004,IOT801,4.9,2.4,4.2,3.1,2.8,2.0,4.0,2.3,13.0,24.2
IOT-2025-004,IOT802,4.1,2.8,3.9,2.2,2.5,2.7,2.3,4.6,17.4,25.6
IOT-2025-004,IOT803,2.7,4.5,4.9,3.3,3.8,4.3,4.4,2.3,19.5,37.0
IOT-2025-004,IOT804,2.8,3.9,4.5,2.2,4.1,4.2,3.9,3.9,11.2,38.4
IOT-2025-004,IOT805,3.6,2.7,4.9,4.5,4.2,4.7,3.9,2.8,15.7,20.6
IOT-2025-005,IOT101,2.3,2.0,4.7,3.0,4.8,2.3,3.4,3.9,17.0,36.7
IOT-2025-005,IOT102,4.4,2.9,4.1,3.1,4.7,3.1,3.1,2.7,11.6,32.0
IOT-2025-005,IOT103,4.0,4.5,4.3,3.5,4.4,4.1,4.2,3.1,16.1,33.4
IOT-2025-005,IOT104,3.8,4.1,3.0,2.2,3.5,5.0,3.8,3.7,14.2,22.0
IOT-2025-005,IOT105,2.1,3.6,3.8,3.7,4.0,2.5,2.7,2.2,16.5,22.0
IOT-2025-005,IOT201,2.9,2.6,4.5,3.4,4.8,3.7,4.8,4.6,13.4,37.0
IOT-2025-005,IOT202,3.0,2.3,4.8,2.7,4.0,3.8,3.3,3.2,18.8,39.7
IOT-2025-005,IOT203,3.5,4.8,4.7,4.1,4.8,4.3,2.6,3.8,18.7,24.6
IOT-2025-005,IOT204,3.8,4.7,3.0,2.4,4.2,4.9,3.3,4.3,12.7,20.3
IOT-2025-005,IOT205,3.6,2.4,3.1,2.7,4.4,3.2,2.7,2.0,18.5,38.5
IOT-2025-005,IOT301,3.1,2.4,2.8,2.0,2.5,3.5,3.4,2.2,13.7,22.1
IOT-2025-005,IOT302,4.2,3.5,2.3,2.7,2.9,3.4,4.5,2.5,12.1,31.0
IOT-2025-005,IOT303,4.2,4.6,3.4,4.6,2.3,3.8,5.0,2.0,11.5,33.2
IOT-2025-005,IOT304,3.4,3.9,3.6,2.1,4.2,2.6,2.0,4.6,10.3,26.3
IOT-2025-005,IOT305,4.1,4.7,2.3,4.4,5.0,2.4,4.8,4.4,16.2,28.8
IOT-2025-005,IOT401,5.0,2.8,3.2,5.0,4.7,3.7,4.1,3.1,19.2,32.3
IOT-2025-005,IOT402,4.1,3.2,4.0,3.7,3.4,4.7,4.6,2.4,17.9,31.2
IOT-2025-005,IOT403,2.4,2.2,3.0,3.6,3.8,3.9,4.3,3.4,13.3,25.1
IOT-2025-005,IOT404,2.8,3.2,3.1,4.7,4.1,2.1,3.1,4.8,13.4,32.3
IOT-2025-005,IOT405,3.0,4.1,4.7,2.6,4.1,5.0,3.0,4.7,15.4,22.5
IOT-2025-005,IOT501,2.1,3.1,4.7,5.0,2.4,2.1,3.8,4.7,16.5,27.3
IOT-2025-005,IOT502,3.9,4.9,3.6,2.1,2.9,4.3,3.2,3.2,13.0,24.8
IOT-2025-005,IOT503,2.4,3.1,3.0,3.9,3.7,4.2,4.8,3.9,18.8,20.4
IOT-2025-005,IOT504,4.9,3.4,4.5,2.8,3.9,4.2,4.1,4.2,15.8,36.7
IOT-2025-005,IOT505,4.7,3.5,4.9,4.6,3.8,4.0,3.6,2.4,11.0,35.1
IOT-2025-005,IOT601,4.1,4.4,3.2,3.0,4.0,4.9,4.4,3.6,18.2,32.1
IOT-2025-005,IOT602,2.1,4.2,2.5,3.1,3.1,2.0,3.7,4.5,16.9,21.6
IOT-2025-005,IOT603,5.0,4.3,3.5,3.3,4.6,3.9,2.9,3.9,19.8,37.6
IOT-2025-005,IOT604,3.8,2.3,4.4,3.4,5.0,4.4,2.2,2.8,18.4,26.5
IOT-2025-005,IOT605,3.4,2.0,3.8,2.5,3.7,4.1,2.3,4.7,16.6,38.6
IOT-2025-005,IOT701,2.7,2.8,4.7,4.1,4.3,4.1,2.7,3.6,15.5,20.3
IOT-2025-005,IOT702,3.1,4.5,3.3,2.2,4.1,2.4,4.4,2.5,16.8,34.3
IOT-2025-005,IOT703,3.9,4.8,3.4,2.4,3.4,2.2,2.5,4.8,15.2,34.5
IOT-2025-005,IOT704,3.0,2.3,4.5,2.8,2.7,4.3,3.5,4.4,19.1,29.2
IOT-2025-005,IOT705,2.6,2.6,3.1,2.4,4.5,3.5,3.6,3.3,15.5,21.3
IOT-2025-005,IOT801,3.6,4.1,3.3,3.1,3.9,2.2,4.2,3.7,12.6,23.4
IOT-2025-005,IOT802,2.9,2.7,4.5,2.2,3.2,3.1,2.9,4.9,16.1,35.5
IOT-2025-005,IOT803,3.6,3.2,2.3,3.7,2.5,2.5,2.2,4.9,16.9,26.7
IOT-2025-005,IOT804,2.1,4.2,2.7,3.1,3.2,2.6,2.7,2.3,19.9,27.5
IOT-2025-005,IOT805,3.8,3.3,3.9,2.2,3.2,4.1,4.4,3.6,16.6,21.8
